{
  "createdAt": "2025-01-23T04:42:22.583Z",
  "updatedAt": "2025-01-23T04:43:25.000Z",
  "id": "0ZZ1rbNJPbCyqhaZ",
  "name": "Desarmaduria",
  "active": false,
  "isArchived": false,
  "nodes": [
    {
      "parameters": {
        "authentication": "headerAuth",
        "url": "{{$node[\"Webhook\"].json[\"query\"][\"apiUrl\"]}}/api/v1/db/data/v1/{PROJECT_SLUG}/{TABLE_NAME}",
        "options": {},
        "queryParametersUi": {
          "parameter": [
            {
              "name": "where",
              "value": "Pieza={{$node[\"Webhook\"].json[\"query\"][\"pieza\"]}}"
            }
          ]
        }
      },
      "name": "Consultar NoCoDB",
      "type": "n8n-nodes-base.httpRequest",
      "typeVersion": 1,
      "position": [
        -60,
        -60
      ],
      "id": "17fd9bde-0133-462f-9cc7-a0c7ae7d5fca",
      "credentials": {
        "httpHeaderAuth": {
          "id": "ZuM91QPCKTg0T9mf",
          "name": "Header Auth account"
        }
      }
    },
    {
      "parameters": {
        "path": "consulta-pieza",
        "options": {}
      },
      "name": "Webhook",
      "type": "n8n-nodes-base.webhook",
      "typeVersion": 1,
      "position": [
        -360,
        -60
      ],
      "webhookId": "12345",
      "id": "bd0d68e9-b443-4c3e-ad63-5e821fc60d7e"
    },
    {
      "parameters": {
        "functionCode": "return {\n  pieza: items[0].json.data[0]?.Pieza || \"No encontrada\",\n  modelo: items[0].json.data[0]?.Modelo || \"No disponible\",\n  cantidad: items[0].json.data[0]?.Cantidad || 0,\n  valor: items[0].json.data[0]?.Valor || \"No disponible\",\n  ubicacion: items[0].json.data[0]?.Ubicacion || \"No disponible\"\n};"
      },
      "name": "Procesar Respuesta",
      "type": "n8n-nodes-base.function",
      "typeVersion": 1,
      "position": [
        140,
        -60
      ],
      "id": "3387ee4e-0806-447f-becf-330d273eeb21"
    },
    {
      "parameters": {},
      "name": "Enviar Respuesta",
      "type": "n8n-nodes-base.webhookResponse",
      "typeVersion": 1,
      "position": [
        340,
        -60
      ],
      "id": "d8cf9cab-04fc-4872-8ef2-e2ff200387ed"
    }
  ],
  "connections": {
    "Webhook": {
      "main": [
        [
          {
            "node": "Consultar NoCoDB",
            "type": "main",
            "index": 0
          }
        ]
      ]
    },
    "Consultar NoCoDB": {
      "main": [
        [
          {
            "node": "Procesar Respuesta",
            "type": "main",
            "index": 0
          }
        ]
      ]
    }
  },
  "settings": {
    "executionOrder": "v1"
  },
  "staticData": null,
  "meta": {
    "templateCredsSetupCompleted": true
  },
  "pinData": {},
  "versionId": "baf5e2ff-5df8-400c-a79b-de70f0e45d51",
  "triggerCount": 0,
  "tags": []
}