{
  "createdAt": "2025-08-07T02:16:04.975Z",
  "updatedAt": "2025-08-08T04:06:30.000Z",
  "id": "49G2Xe9Y9penoY6y",
  "name": "PARTICULAR",
  "active": false,
  "isArchived": false,
  "nodes": [
    {
      "parameters": {
        "httpMethod": "POST",
        "path": "particular",
        "options": {}
      },
      "type": "n8n-nodes-base.webhook",
      "typeVersion": 2,
      "position": [
        -896,
        -48
      ],
      "id": "bd62659f-aa57-4c3c-a243-b1cd273436d5",
      "name": "Webhook",
      "webhookId": "13f881e0-8925-46fd-8a76-cc05751542c4"
    },
    {
      "parameters": {
        "authentication": "nocoDbApiToken",
        "operation": "getAll",
        "projectId": "prthry9vjas4131",
        "table": "m3b1dr3cxcf88ne",
        "options": {}
      },
      "type": "n8n-nodes-base.nocoDb",
      "typeVersion": 3,
      "position": [
        -480,
        -48
      ],
      "id": "de4cd826-03f1-49a1-83f3-cf8c4a73b5a0",
      "name": "Get many rows",
      "credentials": {
        "nocoDbApiToken": {
          "id": "9xXXz8ovGssloRcN",
          "name": "NocoDB Token account"
        }
      }
    },
    {
      "parameters": {
        "conditions": {
          "options": {
            "caseSensitive": true,
            "leftValue": "",
            "typeValidation": "strict",
            "version": 2
          },
          "conditions": [
            {
              "id": "14f7e7db-be57-4903-81d9-0fe8233848c4",
              "leftValue": "={{ $('Webhook').item.json.body.data.key.remoteJid }}",
              "rightValue": "={{ $json.Telefono }}",
              "operator": {
                "type": "string",
                "operation": "contains"
              }
            }
          ],
          "combinator": "and"
        },
        "options": {}
      },
      "type": "n8n-nodes-base.if",
      "typeVersion": 2.2,
      "position": [
        -272,
        -48
      ],
      "id": "78c8bb11-5df4-4c18-9fa0-d6505c123d7b",
      "name": "If"
    },
    {
      "parameters": {
        "promptType": "define",
        "text": "=El cliente escribe :  {{ $('Webhook').item.json.body.data.message.conversation }}",
        "options": {
          "systemMessage": "=Responde solo con esto, pero adornalo con emojis relativos al texto : {{ $json.content }}"
        }
      },
      "type": "@n8n/n8n-nodes-langchain.agent",
      "typeVersion": 2.1,
      "position": [
        112,
        -272
      ],
      "id": "dd391c1a-80d9-4c42-95dd-268fba7d4c41",
      "name": "AI Agent"
    },
    {
      "parameters": {
        "options": {}
      },
      "type": "@n8n/n8n-nodes-langchain.lmChatDeepSeek",
      "typeVersion": 1,
      "position": [
        96,
        -80
      ],
      "id": "1bcc850f-743d-4165-9d02-2e8237c6e118",
      "name": "DeepSeek Chat Model",
      "credentials": {
        "deepSeekApi": {
          "id": "KZ9x5ec7tsxDNeJk",
          "name": "DeepSeek account"
        }
      }
    },
    {
      "parameters": {
        "sessionIdType": "customKey",
        "sessionKey": "={{ $('Webhook').item.json.body.data.key.id }}"
      },
      "type": "@n8n/n8n-nodes-langchain.memoryBufferWindow",
      "typeVersion": 1.3,
      "position": [
        224,
        -80
      ],
      "id": "450c039c-1610-427f-b510-cb925efa3a12",
      "name": "Simple Memory"
    },
    {
      "parameters": {
        "operation": "get",
        "documentURL": "https://docs.google.com/document/d/1hZErBxDO3XCWert2WEOQUK1tWTfdF7LxoF4_lEUOPos/edit?tab=t.0"
      },
      "type": "n8n-nodes-base.googleDocs",
      "typeVersion": 2,
      "position": [
        -80,
        -272
      ],
      "id": "ce242717-5de2-493d-9501-ada5022ba677",
      "name": "Get a document",
      "credentials": {
        "googleDocsOAuth2Api": {
          "id": "LdOeDC5NPDdv0uWz",
          "name": "Google Docs account"
        }
      }
    },
    {
      "parameters": {},
      "type": "n8n-nodes-base.noOp",
      "typeVersion": 1,
      "position": [
        -64,
        48
      ],
      "id": "23e5d36b-3351-4d36-864b-05c2020d6877",
      "name": "No Operation, do nothing"
    },
    {
      "parameters": {
        "resource": "messages-api",
        "instanceName": "={{ $('Edit Fields').item.json.Instancia }}",
        "remoteJid": "={{ $('Edit Fields').item.json.Remoto }}",
        "messageText": "={{ $json.output }}",
        "options_message": {}
      },
      "type": "n8n-nodes-evolution-api.evolutionApi",
      "typeVersion": 1,
      "position": [
        464,
        -272
      ],
      "id": "6cb572dc-fe36-4851-90dd-f919e5a8620c",
      "name": "Enviar texto",
      "credentials": {
        "evolutionApi": {
          "id": "TCFqR0a0Xde3zXGJ",
          "name": "PARTICULAR"
        }
      }
    },
    {
      "parameters": {
        "assignments": {
          "assignments": [
            {
              "id": "16fa3ef3-c1dc-4002-a46f-d07ad8c78480",
              "name": "Instancia",
              "value": "={{ $json.body.instance }}",
              "type": "string"
            },
            {
              "id": "f5bde9e5-94bd-45c4-8ebf-53d70715af1a",
              "name": "Remoto",
              "value": "={{ $json.body.data.key.remoteJid }}",
              "type": "string"
            },
            {
              "id": "960ce696-0e9c-4e82-afd6-e8a3df9e6090",
              "name": "Id",
              "value": "={{ $json.body.data.key.id }}",
              "type": "string"
            },
            {
              "id": "150ba0b4-67fb-49f0-b2c8-f10818639299",
              "name": "Texto Enviado",
              "value": "={{ $json.body.data.message.conversation }}",
              "type": "string"
            },
            {
              "id": "1a0ebc86-86b0-4eb2-9968-e1736d7b8142",
              "name": "Id Instancia",
              "value": "={{ $json.body.data.instanceId }}",
              "type": "string"
            }
          ]
        },
        "options": {}
      },
      "type": "n8n-nodes-base.set",
      "typeVersion": 3.4,
      "position": [
        -688,
        -48
      ],
      "id": "33010e52-cda9-4862-8188-d542e0c99e65",
      "name": "Edit Fields"
    },
    {
      "parameters": {
        "operation": "logout-instance",
        "instanceName": "={{ $('Edit Fields').item.json.Instancia }}"
      },
      "type": "n8n-nodes-evolution-api.evolutionApi",
      "typeVersion": 1,
      "position": [
        672,
        -272
      ],
      "id": "034360f6-91d1-4187-a119-29cb05f8b0a6",
      "name": "Desconectar instancia",
      "credentials": {
        "evolutionApi": {
          "id": "3bsZsXyS8JokBXxh",
          "name": "XE02"
        }
      }
    }
  ],
  "connections": {
    "Webhook": {
      "main": [
        [
          {
            "node": "Edit Fields",
            "type": "main",
            "index": 0
          }
        ]
      ]
    },
    "Get many rows": {
      "main": [
        [
          {
            "node": "If",
            "type": "main",
            "index": 0
          }
        ]
      ]
    },
    "If": {
      "main": [
        [
          {
            "node": "Get a document",
            "type": "main",
            "index": 0
          }
        ],
        [
          {
            "node": "No Operation, do nothing",
            "type": "main",
            "index": 0
          }
        ]
      ]
    },
    "DeepSeek Chat Model": {
      "ai_languageModel": [
        [
          {
            "node": "AI Agent",
            "type": "ai_languageModel",
            "index": 0
          }
        ]
      ]
    },
    "Simple Memory": {
      "ai_memory": [
        [
          {
            "node": "AI Agent",
            "type": "ai_memory",
            "index": 0
          }
        ]
      ]
    },
    "Get a document": {
      "main": [
        [
          {
            "node": "AI Agent",
            "type": "main",
            "index": 0
          }
        ]
      ]
    },
    "AI Agent": {
      "main": [
        [
          {
            "node": "Enviar texto",
            "type": "main",
            "index": 0
          }
        ]
      ]
    },
    "Edit Fields": {
      "main": [
        [
          {
            "node": "Get many rows",
            "type": "main",
            "index": 0
          }
        ]
      ]
    },
    "Enviar texto": {
      "main": [
        [
          {
            "node": "Desconectar instancia",
            "type": "main",
            "index": 0
          }
        ]
      ]
    }
  },
  "settings": {
    "executionOrder": "v1"
  },
  "staticData": null,
  "meta": {
    "templateCredsSetupCompleted": true
  },
  "pinData": {},
  "versionId": "835e2d45-0ae3-4f66-9de1-4d1d7fbcbf74",
  "triggerCount": 1,
  "tags": []
}