{
  "createdAt": "2025-04-03T21:09:10.707Z",
  "updatedAt": "2025-04-03T21:35:08.000Z",
  "id": "4tLCBPcMpnZ6e3Uv",
  "name": "SISTEMA DE PUJAS",
  "active": false,
  "isArchived": false,
  "nodes": [
    {
      "parameters": {
        "httpMethod": "POST",
        "path": "pujas",
        "options": {}
      },
      "type": "n8n-nodes-base.webhook",
      "typeVersion": 2,
      "position": [
        -680,
        -40
      ],
      "id": "1b661d97-b440-4f30-aa24-b9dde1b29785",
      "name": "Webhook",
      "webhookId": "86662c3e-aea7-40ad-a919-ea7f42d8a261"
    },
    {
      "parameters": {
        "jsCode": "// Configuración inicial\nconst pujaMinima = 10000; // Puja mínima inicial (ajusta según necesites)\nconst pujaActual = $input.all()[0]?.json.pujaActual || pujaMinima;\nconst nuevaPuja = parseInt($input.all()[0]?.json.monto);\n\nif (nuevaPuja > pujaActual) {\n  return [\n    { \n      json: { \n        valido: true, \n        monto: nuevaPuja, \n        mensaje: \"✅ Puja aceptada. ¡Eres el líder!\", \n        usuario: $input.all()[0]?.json.usuario \n      } \n    }\n  ];\n} else {\n  return [\n    { \n      json: { \n        valido: false, \n        monto: nuevaPuja, \n        mensaje: \"❌ Puja rechazada. Debe ser mayor a \" + pujaActual, \n        usuario: $input.all()[0]?.json.usuario \n      } \n    }\n  ];\n}"
      },
      "type": "n8n-nodes-base.code",
      "typeVersion": 2,
      "position": [
        -460,
        40
      ],
      "id": "27404808-1559-421c-8e1c-002bbd7a4f37",
      "name": "Code"
    },
    {
      "parameters": {
        "operation": "appendOrUpdate",
        "documentId": {
          "__rl": true,
          "value": "1xPDNmqjhNV0WB01ozvpjl3Laexqsp4ld8fn4biANdjI",
          "mode": "list",
          "cachedResultName": "Pujas",
          "cachedResultUrl": "https://docs.google.com/spreadsheets/d/1xPDNmqjhNV0WB01ozvpjl3Laexqsp4ld8fn4biANdjI/edit?usp=drivesdk"
        },
        "sheetName": {
          "__rl": true,
          "value": "gid=0",
          "mode": "list",
          "cachedResultName": "Hoja 1",
          "cachedResultUrl": "https://docs.google.com/spreadsheets/d/1xPDNmqjhNV0WB01ozvpjl3Laexqsp4ld8fn4biANdjI/edit#gid=0"
        },
        "columns": {
          "mappingMode": "defineBelow",
          "value": {
            "Usuario": "={{ $json[\"usuario\"] }}",
            "Monto": "={{ $json[\"monto\"] }}",
            "Estado": "={{ $json[\"mensaje\"] }}"
          },
          "matchingColumns": [],
          "schema": [
            {
              "id": "Usuario",
              "displayName": "Usuario",
              "required": false,
              "defaultMatch": false,
              "display": true,
              "type": "string",
              "canBeUsedToMatch": true
            },
            {
              "id": "Monto",
              "displayName": "Monto",
              "required": false,
              "defaultMatch": false,
              "display": true,
              "type": "string",
              "canBeUsedToMatch": true
            },
            {
              "id": "Estado",
              "displayName": "Estado",
              "required": false,
              "defaultMatch": false,
              "display": true,
              "type": "string",
              "canBeUsedToMatch": true
            }
          ],
          "attemptToConvertTypes": false,
          "convertFieldsToString": false
        },
        "options": {}
      },
      "type": "n8n-nodes-base.googleSheets",
      "typeVersion": 4.5,
      "position": [
        -220,
        40
      ],
      "id": "72cb7d26-f8c3-4db9-a705-2473b6da50a1",
      "name": "Google Sheets",
      "credentials": {
        "googleSheetsOAuth2Api": {
          "id": "044xlKYauSUZRRvi",
          "name": "Google Sheets account"
        }
      }
    },
    {
      "parameters": {
        "chatId": "={{ $json.IdTelegram }}",
        "text": "={{ $json[\"usuario\"] }}, {{ $json[\"mensaje\"] }}\nPuja actual: {{ $json[\"monto\"] }}",
        "additionalFields": {}
      },
      "type": "n8n-nodes-base.telegram",
      "typeVersion": 1.2,
      "position": [
        200,
        -40
      ],
      "id": "0338033e-a34c-4913-a3a1-89379f60689c",
      "name": "Telegram",
      "webhookId": "b571ce99-ac90-41aa-94d5-a27ecb12eb65",
      "credentials": {
        "telegramApi": {
          "id": "AuYsQhqQS0hrOiHr",
          "name": "TELEGRAM PARROTCTT"
        }
      }
    },
    {
      "parameters": {
        "assignments": {
          "assignments": [
            {
              "id": "d1a4c589-d4b8-4b34-b8b8-1f0c0596e965",
              "name": "IdTelegram",
              "value": "1125548932",
              "type": "string"
            }
          ]
        },
        "options": {}
      },
      "type": "n8n-nodes-base.set",
      "typeVersion": 3.4,
      "position": [
        0,
        -80
      ],
      "id": "a5d09372-6986-4cba-9bd8-ed6edb05a2fc",
      "name": "variables globales"
    },
    {
      "parameters": {
        "method": "POST",
        "url": "https://chile.toolcreation.online/webhook-test/pujas",
        "sendBody": true,
        "bodyParameters": {
          "parameters": [
            {
              "name": "monto",
              "value": "15000"
            },
            {
              "name": "usuario",
              "value": "Ana Lopez"
            }
          ]
        },
        "options": {}
      },
      "type": "n8n-nodes-base.httpRequest",
      "typeVersion": 4.2,
      "position": [
        -620,
        -260
      ],
      "id": "29eec0d8-f72f-46e0-8cf9-f9dede479606",
      "name": "HTTP Request",
      "disabled": true
    }
  ],
  "connections": {
    "Webhook": {
      "main": [
        [
          {
            "node": "Code",
            "type": "main",
            "index": 0
          }
        ]
      ]
    },
    "Code": {
      "main": [
        [
          {
            "node": "Google Sheets",
            "type": "main",
            "index": 0
          }
        ]
      ]
    },
    "Google Sheets": {
      "main": [
        [
          {
            "node": "variables globales",
            "type": "main",
            "index": 0
          }
        ]
      ]
    },
    "variables globales": {
      "main": [
        [
          {
            "node": "Telegram",
            "type": "main",
            "index": 0
          }
        ]
      ]
    },
    "HTTP Request": {
      "main": [
        []
      ]
    }
  },
  "settings": {
    "executionOrder": "v1"
  },
  "staticData": null,
  "meta": {
    "templateCredsSetupCompleted": true
  },
  "pinData": {},
  "versionId": "da49e662-3106-4a15-88cc-f5e4c8579abd",
  "triggerCount": 0,
  "tags": []
}