{
  "createdAt": "2025-02-24T02:19:44.068Z",
  "updatedAt": "2025-04-21T22:37:15.000Z",
  "id": "59pCxGu9EWj6MdX4",
  "name": "ENDOBOT",
  "active": false,
  "isArchived": false,
  "nodes": [
    {
      "parameters": {
        "httpMethod": "POST",
        "path": "endobot",
        "options": {}
      },
      "type": "n8n-nodes-base.webhook",
      "typeVersion": 2,
      "position": [
        -400,
        -160
      ],
      "id": "c418f360-81a6-4f4d-a356-bfa530e73142",
      "name": "Webhook",
      "webhookId": "158f9443-a396-4278-acd7-82291029ae7a"
    },
    {
      "parameters": {
        "method": "POST",
        "url": "=https://sandobot-evolution.gizpoo.easypanel.host/message/sendList/{{ $json.Instancia}}",
        "sendHeaders": true,
        "headerParameters": {
          "parameters": [
            {
              "name": "apikey",
              "value": "={{ $json.ApiKey }}"
            }
          ]
        },
        "sendBody": true,
        "specifyBody": "json",
        "jsonBody": "={\n  \"number\": \"{{ $('Webhook').item.json.body.data.key.remoteJid }}\",\n  \"title\": \"📜Bienvenido a ENDOBOT\",\n  \"description\": \"Inteligencia Artificial al servicio de Putaendo\",\n  \"buttonText\": \"👉INGRESA AQUI👈\",\n  \"footerText\": \"\",\n  \"sections\": [\n    {\n      \"title\": \"QUE NECESITA?\",\n      \"rows\": [\n        {\n          \"title\": \"COMER ALGO\",\n          \"description\": \"Restaurant\",\n          \"rowId\": \"rowId 001\"\n        },\n        {\n          \"title\": \"BOTILLERIAS\",\n          \"description\": \"Botilleria\",\n          \"rowId\": \"rowId 002\"\n        },\n        {\n          \"title\": \"DISTRIBUIDORAS\",\n          \"description\": \"Distribuidora\",\n          \"rowId\": \"rowId 003\"\n        },\n        {\n          \"title\": \"{{ $('Switch Base').item.json['TIPO NEGOCIO'] }}\",\n          \"description\": \"{{ $('Switch Base').item.json.OFERTA }}\",\n          \"rowId\": \"rowId 003\"\n        }\n      ]\n    }\n  ]\n} ",
        "options": {
          "redirect": {
            "redirect": {}
          }
        }
      },
      "type": "n8n-nodes-base.httpRequest",
      "typeVersion": 4.2,
      "position": [
        3140,
        -220
      ],
      "id": "4c98b460-97a6-4db5-807d-2dd163eb7a9c",
      "name": "Lista de ayuda",
      "executeOnce": true
    },
    {
      "parameters": {
        "method": "POST",
        "url": "=https://sandobot-evolution.gizpoo.easypanel.host/message/sendMedia/{{ $('VARIABLES GLOBALES**').item.json.Instancia }}",
        "sendHeaders": true,
        "headerParameters": {
          "parameters": [
            {
              "name": "apikey",
              "value": "={{ $('VARIABLES GLOBALES**').item.json.ApiKey }}"
            }
          ]
        },
        "sendBody": true,
        "bodyParameters": {
          "parameters": [
            {
              "name": "number",
              "value": "={{ $('Webhook').item.json.body.data.key.remoteJid }}"
            },
            {
              "name": "mediatype",
              "value": "image"
            },
            {
              "name": "mimetype",
              "value": "image/png"
            },
            {
              "name": "caption",
              "value": "=Botilleria *{{ $json.NOMBRE }}* OFRECE...\n👀 ESTAMOS : *{{ $json.ESTADO }}* 👀\n- {{ $json['TEXTO 01'] }}\n- {{ $json['TEXTO 02'] }}\n- *{{ $json['TEXTO 03'] }}*\n- {{ $json['TEXTO 04'] }}\n\n*ESTAS SON NUESTRAS MEJORES OFERTAS:*\n*{{ $json.OFERTA }}*"
            },
            {
              "name": "media",
              "value": "https://imgur.com/oO6Xrof.jpg"
            },
            {
              "name": "fileName",
              "value": "Imagem.png"
            }
          ]
        },
        "options": {
          "redirect": {
            "redirect": {}
          }
        }
      },
      "type": "n8n-nodes-base.httpRequest",
      "typeVersion": 4.2,
      "position": [
        3540,
        -740
      ],
      "id": "6d08bc87-d806-49de-9fda-53e0014296d1",
      "name": "Botillerias",
      "executeOnce": true
    },
    {
      "parameters": {
        "conditions": {
          "options": {
            "caseSensitive": true,
            "leftValue": "",
            "typeValidation": "strict",
            "version": 2
          },
          "conditions": [
            {
              "id": "dc307d0a-989f-4fd5-849e-d606ff8617f8",
              "leftValue": "={{ $json['TIPO NEGOCIO'] }}",
              "rightValue": "BOTILLERIA",
              "operator": {
                "type": "string",
                "operation": "equals",
                "name": "filter.operator.equals"
              }
            }
          ],
          "combinator": "and"
        },
        "options": {}
      },
      "type": "n8n-nodes-base.if",
      "typeVersion": 2.2,
      "position": [
        3180,
        -620
      ],
      "id": "282039bf-3fb7-434f-9805-cb7d7dd376b3",
      "name": "If"
    },
    {
      "parameters": {},
      "type": "n8n-nodes-base.noOp",
      "typeVersion": 1,
      "position": [
        3460,
        -380
      ],
      "id": "ee169ed8-a9eb-4dd2-83c4-de2866484b18",
      "name": "No Operation, do nothing"
    },
    {
      "parameters": {
        "authentication": "nocoDbApiToken",
        "operation": "getAll",
        "projectId": "pk2i29zhemsc5i6",
        "table": "mke43tzqje0uxsk",
        "options": {
          "sort": {
            "property": [
              {
                "field": "ESTADO"
              }
            ]
          }
        }
      },
      "type": "n8n-nodes-base.nocoDb",
      "typeVersion": 3,
      "position": [
        600,
        -380
      ],
      "id": "e1147ebc-f162-4bfd-b8d1-41fb06a30819",
      "name": "TELEFONOS",
      "executeOnce": true,
      "credentials": {
        "nocoDbApiToken": {
          "id": "9xXXz8ovGssloRcN",
          "name": "NocoDB Token account"
        }
      }
    },
    {
      "parameters": {
        "authentication": "nocoDbApiToken",
        "operation": "getAll",
        "projectId": "pk2i29zhemsc5i6",
        "table": "md66o5zaiqlz2nr",
        "options": {
          "fields": [],
          "sort": {
            "property": [
              {
                "field": "TIPO NEGOCIO"
              }
            ]
          }
        }
      },
      "type": "n8n-nodes-base.nocoDb",
      "typeVersion": 3,
      "position": [
        980,
        -380
      ],
      "id": "f25fd94a-7e75-4cab-9acf-184b5a786afc",
      "name": "TIPO NEGOCIO",
      "executeOnce": true,
      "credentials": {
        "nocoDbApiToken": {
          "id": "9xXXz8ovGssloRcN",
          "name": "NocoDB Token account"
        }
      }
    },
    {
      "parameters": {},
      "type": "n8n-nodes-base.noOp",
      "typeVersion": 1,
      "position": [
        340,
        0
      ],
      "id": "3cff0d6a-c1f5-4071-a5b8-5dc3b90cdf49",
      "name": "NO HACE NADA"
    },
    {
      "parameters": {
        "authentication": "nocoDbApiToken",
        "operation": "getAll",
        "projectId": "pk2i29zhemsc5i6",
        "table": "mke43tzqje0uxsk",
        "options": {
          "sort": {
            "property": [
              {
                "field": "ESTADO"
              }
            ]
          }
        }
      },
      "type": "n8n-nodes-base.nocoDb",
      "typeVersion": 3,
      "position": [
        -160,
        -160
      ],
      "id": "7bc48071-0fc8-4626-92d2-cc703b5cf2c4",
      "name": "ESTADO ACT/INACT",
      "credentials": {
        "nocoDbApiToken": {
          "id": "9xXXz8ovGssloRcN",
          "name": "NocoDB Token account"
        }
      }
    },
    {
      "parameters": {
        "conditions": {
          "options": {
            "caseSensitive": true,
            "leftValue": "",
            "typeValidation": "strict",
            "version": 2
          },
          "conditions": [
            {
              "id": "79c510fc-274f-4529-9b41-49fcd99aeae6",
              "leftValue": "={{ $json.ESTADO }}",
              "rightValue": "ACTIVO",
              "operator": {
                "type": "string",
                "operation": "equals",
                "name": "filter.operator.equals"
              }
            }
          ],
          "combinator": "and"
        },
        "options": {}
      },
      "type": "n8n-nodes-base.if",
      "typeVersion": 2.2,
      "position": [
        40,
        -160
      ],
      "id": "ebcd5df2-b2e5-4c8f-b032-3a89c69887be",
      "name": "SI ACT/INACT"
    },
    {
      "parameters": {
        "conditions": {
          "options": {
            "caseSensitive": true,
            "leftValue": "",
            "typeValidation": "strict",
            "version": 2
          },
          "conditions": [
            {
              "id": "2302794c-743c-4b2a-8b9c-95204cb66620",
              "leftValue": "={{ $('Webhook').item.json.body.data.key.remoteJid }}",
              "rightValue": "={{ $('TELEFONOS').item.json.Telefono }}",
              "operator": {
                "type": "string",
                "operation": "contains"
              }
            },
            {
              "id": "853f747e-9891-43fb-a35f-0645886523f5",
              "leftValue": "={{ $('TELEFONOS').item.json.ESTADO }}",
              "rightValue": "ACTIVO",
              "operator": {
                "type": "string",
                "operation": "equals",
                "name": "filter.operator.equals"
              }
            }
          ],
          "combinator": "and"
        },
        "options": {}
      },
      "type": "n8n-nodes-base.if",
      "typeVersion": 2.2,
      "position": [
        1400,
        -380
      ],
      "id": "84f22c3d-990c-466e-8d6e-6a0488d9a033",
      "name": "SI TEL ESTA ACTIVO",
      "executeOnce": true
    },
    {
      "parameters": {},
      "type": "n8n-nodes-base.noOp",
      "typeVersion": 1,
      "position": [
        2220,
        -140
      ],
      "id": "2a609de0-ac40-49f5-ba83-d719acc8c87b",
      "name": "NO HACE NADA1"
    },
    {
      "parameters": {
        "authentication": "nocoDbApiToken",
        "projectId": "pk2i29zhemsc5i6",
        "table": "md66o5zaiqlz2nr",
        "id": "22"
      },
      "type": "n8n-nodes-base.nocoDb",
      "typeVersion": 3,
      "position": [
        3360,
        -760
      ],
      "id": "295b5809-99f2-4d6e-91a3-8b0c7606f869",
      "name": "DB BOTILLERIA",
      "credentials": {
        "nocoDbApiToken": {
          "id": "9xXXz8ovGssloRcN",
          "name": "NocoDB Token account"
        }
      }
    },
    {
      "parameters": {
        "rules": {
          "values": [
            {
              "conditions": {
                "options": {
                  "caseSensitive": true,
                  "leftValue": "",
                  "typeValidation": "strict",
                  "version": 2
                },
                "conditions": [
                  {
                    "leftValue": "={{ $('Webhook').item.json.body.data.message.listResponseMessage.title }}",
                    "rightValue": "COMER ALGO",
                    "operator": {
                      "type": "string",
                      "operation": "equals"
                    },
                    "id": "b37f2f68-f646-4dc4-b0aa-0511b60952e0"
                  }
                ],
                "combinator": "and"
              },
              "renameOutput": true,
              "outputKey": "RESTAURANT"
            },
            {
              "conditions": {
                "options": {
                  "caseSensitive": true,
                  "leftValue": "",
                  "typeValidation": "strict",
                  "version": 2
                },
                "conditions": [
                  {
                    "id": "a5ff2cd3-d96c-48fe-bc7a-690f5f94def5",
                    "leftValue": "={{ $('Webhook').item.json.body.data.message.listResponseMessage.title }}",
                    "rightValue": "BOTILLERIAS",
                    "operator": {
                      "type": "string",
                      "operation": "equals",
                      "name": "filter.operator.equals"
                    }
                  }
                ],
                "combinator": "and"
              },
              "renameOutput": true,
              "outputKey": "BOTILLERIA"
            },
            {
              "conditions": {
                "options": {
                  "caseSensitive": true,
                  "leftValue": "",
                  "typeValidation": "strict",
                  "version": 2
                },
                "conditions": [
                  {
                    "id": "a08079c0-291a-4c0a-8f69-7661d0e9187b",
                    "leftValue": "={{ $('Webhook').item.json.body.data.message.listResponseMessage.title }}",
                    "rightValue": "DISTRIBUIDORAS",
                    "operator": {
                      "type": "string",
                      "operation": "equals",
                      "name": "filter.operator.equals"
                    }
                  }
                ],
                "combinator": "and"
              },
              "renameOutput": true,
              "outputKey": "DISTRIBUIDORA"
            },
            {
              "conditions": {
                "options": {
                  "caseSensitive": true,
                  "leftValue": "",
                  "typeValidation": "strict",
                  "version": 2
                },
                "conditions": [
                  {
                    "id": "fedeb889-ceb5-43e9-85d6-a6defdbbc1e8",
                    "leftValue": "={{ $('Webhook').item.json.body.data.message.conversation }}",
                    "rightValue": "",
                    "operator": {
                      "type": "string",
                      "operation": "notEmpty",
                      "singleValue": true
                    }
                  }
                ],
                "combinator": "and"
              },
              "renameOutput": true,
              "outputKey": "LISTA"
            }
          ]
        },
        "options": {}
      },
      "type": "n8n-nodes-base.switch",
      "typeVersion": 3.2,
      "position": [
        2240,
        -420
      ],
      "id": "b6785158-e7d7-4d59-a375-bba4699144e8",
      "name": "Switch Base"
    },
    {
      "parameters": {
        "rules": {
          "values": [
            {
              "conditions": {
                "options": {
                  "caseSensitive": true,
                  "leftValue": "",
                  "typeValidation": "strict",
                  "version": 2
                },
                "conditions": [
                  {
                    "leftValue": "={{ $json['ELECCION USUARIO'] }}",
                    "rightValue": "CARRITO ROSADO",
                    "operator": {
                      "type": "string",
                      "operation": "equals"
                    },
                    "id": "297a87d1-c7d1-42d3-b891-6ee43900ac1e"
                  }
                ],
                "combinator": "and"
              },
              "renameOutput": true,
              "outputKey": "CARRO ROSADO"
            },
            {
              "conditions": {
                "options": {
                  "caseSensitive": true,
                  "leftValue": "",
                  "typeValidation": "strict",
                  "version": 2
                },
                "conditions": [
                  {
                    "id": "ac7d0535-2aaf-4675-86c2-113cfd0b815d",
                    "leftValue": "={{ $json['ELECCION USUARIO'] }}",
                    "rightValue": "CARRITO AMARILLO",
                    "operator": {
                      "type": "string",
                      "operation": "equals",
                      "name": "filter.operator.equals"
                    }
                  }
                ],
                "combinator": "and"
              },
              "renameOutput": true,
              "outputKey": "CARRITO AMARILLO"
            },
            {
              "conditions": {
                "options": {
                  "caseSensitive": true,
                  "leftValue": "",
                  "typeValidation": "strict",
                  "version": 2
                },
                "conditions": [
                  {
                    "id": "0930188c-e0b6-4d6e-ad75-1547893c9313",
                    "leftValue": "={{ $json['ELECCION USUARIO'] }}",
                    "rightValue": "TASTY BURGUER",
                    "operator": {
                      "type": "string",
                      "operation": "equals",
                      "name": "filter.operator.equals"
                    }
                  }
                ],
                "combinator": "and"
              },
              "renameOutput": true,
              "outputKey": "TASTY BURGUER"
            },
            {
              "conditions": {
                "options": {
                  "caseSensitive": true,
                  "leftValue": "",
                  "typeValidation": "strict",
                  "version": 2
                },
                "conditions": [
                  {
                    "id": "c132d0f5-81cd-484b-bc3f-8097d893e345",
                    "leftValue": "={{ $json['ELECCION USUARIO'] }}",
                    "rightValue": "CARRITO BLANCO",
                    "operator": {
                      "type": "string",
                      "operation": "equals",
                      "name": "filter.operator.equals"
                    }
                  }
                ],
                "combinator": "and"
              },
              "renameOutput": true,
              "outputKey": "CARRITO BLANCO"
            },
            {
              "conditions": {
                "options": {
                  "caseSensitive": true,
                  "leftValue": "",
                  "typeValidation": "strict",
                  "version": 2
                },
                "conditions": [
                  {
                    "id": "fada6c20-fb3b-434c-94e8-4a6aa51c8301",
                    "leftValue": "={{ $json['ELECCION USUARIO'] }}",
                    "rightValue": "CARRITO NEGRO",
                    "operator": {
                      "type": "string",
                      "operation": "equals",
                      "name": "filter.operator.equals"
                    }
                  }
                ],
                "combinator": "and"
              },
              "renameOutput": true,
              "outputKey": "CARRITO NEGRO"
            },
            {
              "conditions": {
                "options": {
                  "caseSensitive": true,
                  "leftValue": "",
                  "typeValidation": "strict",
                  "version": 2
                },
                "conditions": [
                  {
                    "id": "34253f84-e667-4dfb-b5a5-dcf385fe9047",
                    "leftValue": "={{ $json['ELECCION USUARIO'] }}",
                    "rightValue": "CARRITO CELESTE",
                    "operator": {
                      "type": "string",
                      "operation": "equals",
                      "name": "filter.operator.equals"
                    }
                  }
                ],
                "combinator": "and"
              },
              "renameOutput": true,
              "outputKey": "CARRITO CELESTE"
            },
            {
              "conditions": {
                "options": {
                  "caseSensitive": true,
                  "leftValue": "",
                  "typeValidation": "strict",
                  "version": 2
                },
                "conditions": [
                  {
                    "id": "198efd8e-e132-42d8-b6ae-5e629ee52f50",
                    "leftValue": "={{ $json['ELECCION USUARIO'] }}",
                    "rightValue": "CARRITO LUKITAS",
                    "operator": {
                      "type": "string",
                      "operation": "equals",
                      "name": "filter.operator.equals"
                    }
                  }
                ],
                "combinator": "and"
              },
              "renameOutput": true,
              "outputKey": "CARRITO LUKITAS"
            }
          ]
        },
        "options": {}
      },
      "type": "n8n-nodes-base.switch",
      "typeVersion": 3.2,
      "position": [
        3580,
        -1480
      ],
      "id": "51234e34-8acf-4cd0-9740-f866cd053c45",
      "name": "SWITCH SALIDA"
    },
    {
      "parameters": {
        "authentication": "nocoDbApiToken",
        "projectId": "pk2i29zhemsc5i6",
        "table": "md66o5zaiqlz2nr",
        "id": "13"
      },
      "type": "n8n-nodes-base.nocoDb",
      "typeVersion": 3,
      "position": [
        4240,
        -1860
      ],
      "id": "91f02b9f-30cc-43ce-baf6-df2c9214082e",
      "name": "NocoDB",
      "credentials": {
        "nocoDbApiToken": {
          "id": "9xXXz8ovGssloRcN",
          "name": "NocoDB Token account"
        }
      }
    },
    {
      "parameters": {
        "method": "POST",
        "url": "=https://sandobot-evolution.gizpoo.easypanel.host/message/sendList/{{ $('VARIABLES GLOBALES**').item.json.Instancia }}",
        "sendHeaders": true,
        "headerParameters": {
          "parameters": [
            {
              "name": "apikey",
              "value": "={{ $('VARIABLES GLOBALES**').item.json.ApiKey }}"
            }
          ]
        },
        "sendBody": true,
        "specifyBody": "json",
        "jsonBody": "={\n  \"number\": \"{{ $('Webhook').item.json.body.data.key.remoteJid }}\",\n  \"title\": \"NUESTROS RESTAURANTS\",\n  \"description\": \"Los mejores sandwich, completos y refrescos de Putaendo\",\n  \"buttonText\": \"👉INGRESA AQUI👈\",\n  \"footerText\": \"\",\n  \"sections\": [\n    {\n      \"title\": \"DONDE Y QUE COMER?\",\n      \"rows\": [\n        {\n          \"title\": \"CARRITO LUKITAS\",\n          \"description\": \"Frutos secos, Sopaipillas, Helados Soft y más\",\n          \"rowId\": \"rowId 001\"\n        },\n        {\n          \"title\": \"CARRITO AMARILLO\",\n          \"description\": \"wow 😋 Que mayo casera mas deliciosa.\",\n          \"rowId\": \"rowId 002\"\n        },\n        {\n          \"title\": \"TASTY BURGUER\",\n          \"description\": \"Las mejores hamburguesas de Putaendo\",\n          \"rowId\": \"rowId 006\"\n        },\n        {\n          \"title\": \"CARRITO BLANCO\",\n          \"description\": \"Abierto hasta tarde.\",\n          \"rowId\": \"rowId 003\"\n        },\n        {\n          \"title\": \"CARRITO NEGRO\",\n          \"description\": \"Buen precio, Bien Rico\",\n          \"rowId\": \"rowId 004\"\n        },\n        {\n          \"title\": \"CARRITO CELESTE\",\n          \"description\": \"Que papitas mas ricas y el pollo.... ñami\",\n          \"rowId\": \"rowId 005\"\n        },\n        {\n          \"title\": \"CARRITO ROSADO\",\n          \"description\": \"Especialidad en HandRolls\",\n          \"rowId\": \"rowId 006\"\n        }\n        \n      ]\n    }\n  ]\n} ",
        "options": {
          "redirect": {
            "redirect": {}
          }
        }
      },
      "type": "n8n-nodes-base.httpRequest",
      "typeVersion": 4.2,
      "position": [
        3000,
        -920
      ],
      "id": "7fd411d6-69e7-473d-9b2d-28f33d7a61a0",
      "name": "ELECCION DE RESTAURANTS",
      "executeOnce": true
    },
    {
      "parameters": {
        "method": "POST",
        "url": "=https://sandobot-evolution.gizpoo.easypanel.host/message/sendMedia/{{ $('VARIABLES GLOBALES**').item.json.Instancia }}",
        "sendHeaders": true,
        "headerParameters": {
          "parameters": [
            {
              "name": "apikey",
              "value": "={{ $('VARIABLES GLOBALES**').item.json.ApiKey }}"
            }
          ]
        },
        "sendBody": true,
        "bodyParameters": {
          "parameters": [
            {
              "name": "number",
              "value": "={{ $('Webhook').item.json.body.data.key.remoteJid }}"
            },
            {
              "name": "mediatype",
              "value": "image"
            },
            {
              "name": "mimetype",
              "value": "image/png"
            },
            {
              "name": "caption",
              "value": "={{ $('Webhook').item.json.body.data.message.listResponseMessage.title }} Ofrece...\n- {{ $json['TEXTO 01'] }}\n- {{ $json['TEXTO 02'] }}\n- *{{ $json['TEXTO 03'] }}*\n- {{ $json['TEXTO 04'] }}\n*OFERTAS : {{ $json.OFERTA }}*"
            },
            {
              "name": "media",
              "value": "https://i.imgur.com/62UtHaa.jpeg"
            },
            {
              "name": "fileName",
              "value": "Imagem.png"
            }
          ]
        },
        "options": {
          "redirect": {
            "redirect": {}
          }
        }
      },
      "type": "n8n-nodes-base.httpRequest",
      "typeVersion": 4.2,
      "position": [
        4540,
        -1760
      ],
      "id": "754220bd-9cef-44fe-8270-7cd0c0ae2a5c",
      "name": "CARRITO ROSADO",
      "executeOnce": true
    },
    {
      "parameters": {
        "authentication": "nocoDbApiToken",
        "projectId": "pk2i29zhemsc5i6",
        "table": "md66o5zaiqlz2nr",
        "id": "15"
      },
      "type": "n8n-nodes-base.nocoDb",
      "typeVersion": 3,
      "position": [
        4240,
        -1780
      ],
      "id": "2e7138f0-aa33-4bb0-9c6a-eb546cc11965",
      "name": "NocoDB1",
      "credentials": {
        "nocoDbApiToken": {
          "id": "9xXXz8ovGssloRcN",
          "name": "NocoDB Token account"
        }
      }
    },
    {
      "parameters": {
        "method": "POST",
        "url": "=https://sandobot-evolution.gizpoo.easypanel.host/message/sendMedia/{{ $('VARIABLES GLOBALES**').item.json.Instancia }}",
        "sendHeaders": true,
        "headerParameters": {
          "parameters": [
            {
              "name": "apikey",
              "value": "={{ $('VARIABLES GLOBALES**').item.json.ApiKey }}"
            }
          ]
        },
        "sendBody": true,
        "bodyParameters": {
          "parameters": [
            {
              "name": "number",
              "value": "={{ $('Webhook').item.json.body.data.key.remoteJid }}"
            },
            {
              "name": "mediatype",
              "value": "image"
            },
            {
              "name": "mimetype",
              "value": "image/png"
            },
            {
              "name": "caption",
              "value": "={{ $('Webhook').item.json.body.data.message.listResponseMessage.title }} Ofrece...\n- {{ $json['TEXTO 01'] }}\n- {{ $json['TEXTO 02'] }}\n- *{{ $json['TEXTO 03'] }}*\n- {{ $json['TEXTO 04'] }}\n*OFERTAS : {{ $json.OFERTA }}*"
            },
            {
              "name": "media",
              "value": "https://i.imgur.com/ZuSKtDe.jpeg"
            },
            {
              "name": "fileName",
              "value": "Imagem.png"
            }
          ]
        },
        "options": {
          "redirect": {
            "redirect": {}
          }
        }
      },
      "type": "n8n-nodes-base.httpRequest",
      "typeVersion": 4.2,
      "position": [
        4540,
        -1640
      ],
      "id": "c00cda50-e66a-41cd-86e8-b5654763a1aa",
      "name": "CARRO AMARILLO",
      "executeOnce": true
    },
    {
      "parameters": {
        "authentication": "nocoDbApiToken",
        "projectId": "pk2i29zhemsc5i6",
        "table": "md66o5zaiqlz2nr",
        "id": "16"
      },
      "type": "n8n-nodes-base.nocoDb",
      "typeVersion": 3,
      "position": [
        4240,
        -1720
      ],
      "id": "789e2885-7809-4138-b0cc-59345370c36e",
      "name": "NocoDB2",
      "credentials": {
        "nocoDbApiToken": {
          "id": "9xXXz8ovGssloRcN",
          "name": "NocoDB Token account"
        }
      }
    },
    {
      "parameters": {
        "method": "POST",
        "url": "=https://sandobot-evolution.gizpoo.easypanel.host/message/sendMedia/{{ $('VARIABLES GLOBALES**').item.json.Instancia }}",
        "sendHeaders": true,
        "headerParameters": {
          "parameters": [
            {
              "name": "apikey",
              "value": "={{ $('VARIABLES GLOBALES**').item.json.ApiKey }}"
            }
          ]
        },
        "sendBody": true,
        "bodyParameters": {
          "parameters": [
            {
              "name": "number",
              "value": "={{ $('Webhook').item.json.body.data.key.remoteJid }}"
            },
            {
              "name": "mediatype",
              "value": "image"
            },
            {
              "name": "mimetype",
              "value": "image/png"
            },
            {
              "name": "caption",
              "value": "={{ $('Webhook').item.json.body.data.message.listResponseMessage.title }} Ofrece...\n- {{ $json['TEXTO 01'] }}\n- {{ $json['TEXTO 02'] }}\n- *{{ $json['TEXTO 03'] }}*\n- {{ $json['TEXTO 04'] }}\n*OFERTAS : {{ $json.OFERTA }}*"
            },
            {
              "name": "media",
              "value": "https://i.imgur.com/4JFZ99U.jpeg"
            },
            {
              "name": "fileName",
              "value": "Imagem.png"
            }
          ]
        },
        "options": {
          "redirect": {
            "redirect": {}
          }
        }
      },
      "type": "n8n-nodes-base.httpRequest",
      "typeVersion": 4.2,
      "position": [
        4540,
        -1520
      ],
      "id": "b285b56c-5644-410c-8867-269bf13ed84d",
      "name": "CARRO AMARILLO1",
      "executeOnce": true
    },
    {
      "parameters": {
        "authentication": "nocoDbApiToken",
        "projectId": "pk2i29zhemsc5i6",
        "table": "md66o5zaiqlz2nr",
        "id": "18"
      },
      "type": "n8n-nodes-base.nocoDb",
      "typeVersion": 3,
      "position": [
        4240,
        -1640
      ],
      "id": "1dcd335b-34d6-4260-9b44-66cd1467e731",
      "name": "NocoDB3",
      "credentials": {
        "nocoDbApiToken": {
          "id": "9xXXz8ovGssloRcN",
          "name": "NocoDB Token account"
        }
      }
    },
    {
      "parameters": {
        "method": "POST",
        "url": "=https://sandobot-evolution.gizpoo.easypanel.host/message/sendMedia/{{ $('VARIABLES GLOBALES**').item.json.Instancia }}",
        "sendHeaders": true,
        "headerParameters": {
          "parameters": [
            {
              "name": "apikey",
              "value": "={{ $('VARIABLES GLOBALES**').item.json.ApiKey }}"
            }
          ]
        },
        "sendBody": true,
        "bodyParameters": {
          "parameters": [
            {
              "name": "number",
              "value": "={{ $('Webhook').item.json.body.data.key.remoteJid }}"
            },
            {
              "name": "mediatype",
              "value": "image"
            },
            {
              "name": "mimetype",
              "value": "image/png"
            },
            {
              "name": "caption",
              "value": "={{ $('Webhook').item.json.body.data.message.listResponseMessage.title }} Ofrece...\n- {{ $json['TEXTO 01'] }}\n- {{ $json['TEXTO 02'] }}\n- *{{ $json['TEXTO 03'] }}*\n- {{ $json['TEXTO 04'] }}\n*OFERTAS : {{ $json.OFERTA }}*"
            },
            {
              "name": "media",
              "value": "https://imgur.com/HXeLsrg.jpeg"
            },
            {
              "name": "fileName",
              "value": "Imagem.png"
            }
          ]
        },
        "options": {
          "redirect": {
            "redirect": {}
          }
        }
      },
      "type": "n8n-nodes-base.httpRequest",
      "typeVersion": 4.2,
      "position": [
        4540,
        -1380
      ],
      "id": "6b7ae388-7b1a-479a-8a6f-aa55365d51ee",
      "name": "CARRO BLANCO",
      "executeOnce": true
    },
    {
      "parameters": {
        "authentication": "nocoDbApiToken",
        "projectId": "pk2i29zhemsc5i6",
        "table": "md66o5zaiqlz2nr",
        "id": "19"
      },
      "type": "n8n-nodes-base.nocoDb",
      "typeVersion": 3,
      "position": [
        4240,
        -1560
      ],
      "id": "48340d31-2a62-4b38-bd6a-b9c7e8bc5b65",
      "name": "NocoDB4",
      "credentials": {
        "nocoDbApiToken": {
          "id": "9xXXz8ovGssloRcN",
          "name": "NocoDB Token account"
        }
      }
    },
    {
      "parameters": {
        "method": "POST",
        "url": "=https://sandobot-evolution.gizpoo.easypanel.host/message/sendMedia/{{ $('VARIABLES GLOBALES**').item.json.Instancia }}",
        "sendHeaders": true,
        "headerParameters": {
          "parameters": [
            {
              "name": "apikey",
              "value": "={{ $('VARIABLES GLOBALES**').item.json.ApiKey }}"
            }
          ]
        },
        "sendBody": true,
        "bodyParameters": {
          "parameters": [
            {
              "name": "number",
              "value": "={{ $('Webhook').item.json.body.data.key.remoteJid }}"
            },
            {
              "name": "mediatype",
              "value": "image"
            },
            {
              "name": "mimetype",
              "value": "image/png"
            },
            {
              "name": "caption",
              "value": "={{ $('Webhook').item.json.body.data.message.listResponseMessage.title }} Ofrece...\n- {{ $json['TEXTO 01'] }}\n- {{ $json['TEXTO 02'] }}\n- *{{ $json['TEXTO 03'] }}*\n- {{ $json['TEXTO 04'] }}\n*OFERTAS : {{ $json.OFERTA }}*"
            },
            {
              "name": "media",
              "value": "https://imgur.com/hisoFVz.jpeg"
            },
            {
              "name": "fileName",
              "value": "Imagem.png"
            }
          ]
        },
        "options": {
          "redirect": {
            "redirect": {}
          }
        }
      },
      "type": "n8n-nodes-base.httpRequest",
      "typeVersion": 4.2,
      "position": [
        4540,
        -1240
      ],
      "id": "e2e64858-7a13-4b1a-8c3c-afa775ead784",
      "name": "CARRO NEGRO",
      "executeOnce": true
    },
    {
      "parameters": {
        "authentication": "nocoDbApiToken",
        "projectId": "pk2i29zhemsc5i6",
        "table": "md66o5zaiqlz2nr",
        "id": "20"
      },
      "type": "n8n-nodes-base.nocoDb",
      "typeVersion": 3,
      "position": [
        4240,
        -1440
      ],
      "id": "4c10ec71-2185-4e0c-847c-16dd48fe23ec",
      "name": "NocoDB5",
      "credentials": {
        "nocoDbApiToken": {
          "id": "9xXXz8ovGssloRcN",
          "name": "NocoDB Token account"
        }
      }
    },
    {
      "parameters": {
        "method": "POST",
        "url": "=https://sandobot-evolution.gizpoo.easypanel.host/message/sendMedia/{{ $('VARIABLES GLOBALES**').item.json.Instancia }}",
        "sendHeaders": true,
        "headerParameters": {
          "parameters": [
            {
              "name": "apikey",
              "value": "={{ $('VARIABLES GLOBALES**').item.json.ApiKey }}"
            }
          ]
        },
        "sendBody": true,
        "bodyParameters": {
          "parameters": [
            {
              "name": "number",
              "value": "={{ $('Webhook').item.json.body.data.key.remoteJid }}"
            },
            {
              "name": "mediatype",
              "value": "image"
            },
            {
              "name": "mimetype",
              "value": "image/png"
            },
            {
              "name": "caption",
              "value": "={{ $('Webhook').item.json.body.data.message.listResponseMessage.title }} Ofrece...\n- {{ $json['TEXTO 01'] }}\n- {{ $json['TEXTO 02'] }}\n- *{{ $json['TEXTO 03'] }}*\n- {{ $json['TEXTO 04'] }}\n*OFERTAS : {{ $json.OFERTA }}*"
            },
            {
              "name": "media",
              "value": "https://imgur.com/bpZRjQ3.jpeg"
            },
            {
              "name": "fileName",
              "value": "Imagem.png"
            }
          ]
        },
        "options": {
          "redirect": {
            "redirect": {}
          }
        }
      },
      "type": "n8n-nodes-base.httpRequest",
      "typeVersion": 4.2,
      "position": [
        4540,
        -1120
      ],
      "id": "2e75f207-9e8f-4826-9fff-a9f2e0b141b2",
      "name": "CARRO CELESTE",
      "executeOnce": true
    },
    {
      "parameters": {
        "method": "POST",
        "url": "=https://sandobot-evolution.gizpoo.easypanel.host/message/sendMedia/{{ $('VARIABLES GLOBALES**').item.json.Instancia }}",
        "sendHeaders": true,
        "headerParameters": {
          "parameters": [
            {
              "name": "apikey",
              "value": "={{ $('VARIABLES GLOBALES**').item.json.ApiKey }}"
            }
          ]
        },
        "sendBody": true,
        "specifyBody": "=keypair",
        "bodyParameters": {
          "parameters": [
            {
              "name": "number",
              "value": "={{ $('Webhook').item.json.body.data.key.remoteJid }}"
            },
            {
              "name": "mediatype",
              "value": "image"
            },
            {
              "name": "mimetype",
              "value": "image/png"
            },
            {
              "name": "caption",
              "value": "= {{ $json['NOMBRE'] }} Ofrece...\nEl local ahora esta : {{ $json.ESTADO }}\n- {{ $json['TEXTO 01'] }}\n- {{ $json['TEXTO 02'] }}\n- *{{ $json['TEXTO 03'] }}*\n- {{ $json['TEXTO 04'] }}\n*OFERTAS : {{ $json.OFERTA }}*"
            },
            {
              "name": "media",
              "value": "https://i.imgur.com/YdkIXXG.png"
            },
            {
              "name": "fileName",
              "value": "Imagem.png"
            }
          ]
        },
        "options": {
          "redirect": {
            "redirect": {
              "followRedirects": false
            }
          }
        }
      },
      "type": "n8n-nodes-base.httpRequest",
      "typeVersion": 4.2,
      "position": [
        4760,
        -940
      ],
      "id": "cffa0b19-691c-4930-8f31-ad76f8432c5c",
      "name": "LOCAL LUKITAS",
      "executeOnce": true
    },
    {
      "parameters": {
        "documentId": {
          "__rl": true,
          "value": "13KXwkj9_bWX0iSImNBtO4lxirq_PiPJKRDwcwsarwpU",
          "mode": "list",
          "cachedResultName": "Lukitas",
          "cachedResultUrl": "https://docs.google.com/spreadsheets/d/13KXwkj9_bWX0iSImNBtO4lxirq_PiPJKRDwcwsarwpU/edit?usp=drivesdk"
        },
        "sheetName": {
          "__rl": true,
          "value": "gid=0",
          "mode": "list",
          "cachedResultName": "Hoja 1",
          "cachedResultUrl": "https://docs.google.com/spreadsheets/d/13KXwkj9_bWX0iSImNBtO4lxirq_PiPJKRDwcwsarwpU/edit#gid=0"
        },
        "combineFilters": "OR",
        "options": {
          "returnFirstMatch": false
        }
      },
      "type": "n8n-nodes-base.googleSheets",
      "typeVersion": 4.5,
      "position": [
        4320,
        -980
      ],
      "id": "a006eefc-7d38-4986-afbf-ecbdd251f343",
      "name": "Google Sheets",
      "executeOnce": true,
      "credentials": {
        "googleSheetsOAuth2Api": {
          "id": "044xlKYauSUZRRvi",
          "name": "Google Sheets account"
        }
      }
    },
    {
      "parameters": {
        "assignments": {
          "assignments": [
            {
              "id": "415858ab-35c2-42e3-a082-99ffe4dc59a2",
              "name": "ApiKey",
              "value": "CE6023306FCF-4511-879F-97F2FD3799EE",
              "type": "string"
            },
            {
              "id": "1be2e5e8-8dfb-4e83-b047-cd23e7d7d5b6",
              "name": "Instancia",
              "value": "ENDOBOT",
              "type": "string"
            },
            {
              "id": "b4377123-1476-4006-b5f7-4b9396c06428",
              "name": "ELECCION USUARIO",
              "value": "={{ $('Webhook').item.json.body.data.message.listResponseMessage.title }}",
              "type": "string"
            }
          ]
        },
        "options": {}
      },
      "type": "n8n-nodes-base.set",
      "typeVersion": 3.4,
      "position": [
        320,
        -500
      ],
      "id": "3277e810-9bc2-48fd-884f-8f3ef9db1816",
      "name": "VARIABLES GLOBALES**"
    },
    {
      "parameters": {
        "assignments": {
          "assignments": [
            {
              "id": "f0777322-7315-4ead-82d8-0754ea02b79b",
              "name": "ApiKey",
              "value": "CE6023306FCF-4511-879F-97F2FD3799EE",
              "type": "string"
            },
            {
              "id": "a7282fd5-d830-4114-b3c9-efe4652ba905",
              "name": "Instancia",
              "value": "ENDOBOT",
              "type": "string"
            }
          ]
        },
        "options": {}
      },
      "type": "n8n-nodes-base.set",
      "typeVersion": 3.4,
      "position": [
        2960,
        -220
      ],
      "id": "d7fcb99c-3dfb-462d-b767-ffda0ef51aca",
      "name": "Variables Globales**"
    },
    {
      "parameters": {
        "amount": 3
      },
      "type": "n8n-nodes-base.wait",
      "typeVersion": 1.1,
      "position": [
        4540,
        -880
      ],
      "id": "8294f64c-fa74-4f58-9cf2-1d912707752e",
      "name": "Wait",
      "webhookId": "4015c5b8-5faf-4824-b262-cf0a19519df5"
    },
    {
      "parameters": {
        "resource": "messages-api",
        "options_message": {}
      },
      "type": "n8n-nodes-evolution-api.evolutionApi",
      "typeVersion": 1,
      "position": [
        -100,
        -500
      ],
      "id": "f578a8da-f6e2-4e84-a0ab-ccccd614abd7",
      "name": "Evolution API",
      "credentials": {
        "evolutionApi": {
          "id": "IEgFYkejVnn97NAp",
          "name": "VENDOR"
        }
      },
      "disabled": true
    }
  ],
  "connections": {
    "Webhook": {
      "main": [
        [
          {
            "node": "ESTADO ACT/INACT",
            "type": "main",
            "index": 0
          },
          {
            "node": "Evolution API",
            "type": "main",
            "index": 0
          }
        ]
      ]
    },
    "If": {
      "main": [
        [
          {
            "node": "DB BOTILLERIA",
            "type": "main",
            "index": 0
          }
        ],
        [
          {
            "node": "No Operation, do nothing",
            "type": "main",
            "index": 0
          }
        ]
      ]
    },
    "TELEFONOS": {
      "main": [
        [
          {
            "node": "TIPO NEGOCIO",
            "type": "main",
            "index": 0
          }
        ]
      ]
    },
    "TIPO NEGOCIO": {
      "main": [
        [
          {
            "node": "SI TEL ESTA ACTIVO",
            "type": "main",
            "index": 0
          }
        ]
      ]
    },
    "ESTADO ACT/INACT": {
      "main": [
        [
          {
            "node": "SI ACT/INACT",
            "type": "main",
            "index": 0
          }
        ]
      ]
    },
    "SI ACT/INACT": {
      "main": [
        [
          {
            "node": "VARIABLES GLOBALES**",
            "type": "main",
            "index": 0
          }
        ],
        [
          {
            "node": "NO HACE NADA",
            "type": "main",
            "index": 0
          }
        ]
      ]
    },
    "SI TEL ESTA ACTIVO": {
      "main": [
        [
          {
            "node": "Switch Base",
            "type": "main",
            "index": 0
          }
        ],
        [
          {
            "node": "NO HACE NADA1",
            "type": "main",
            "index": 0
          }
        ]
      ]
    },
    "DB BOTILLERIA": {
      "main": [
        [
          {
            "node": "Botillerias",
            "type": "main",
            "index": 0
          }
        ]
      ]
    },
    "Switch Base": {
      "main": [
        [
          {
            "node": "ELECCION DE RESTAURANTS",
            "type": "main",
            "index": 0
          }
        ],
        [
          {
            "node": "If",
            "type": "main",
            "index": 0
          }
        ],
        [],
        [
          {
            "node": "Variables Globales**",
            "type": "main",
            "index": 0
          }
        ]
      ]
    },
    "SWITCH SALIDA": {
      "main": [
        [
          {
            "node": "NocoDB",
            "type": "main",
            "index": 0
          }
        ],
        [
          {
            "node": "NocoDB1",
            "type": "main",
            "index": 0
          }
        ],
        [
          {
            "node": "NocoDB2",
            "type": "main",
            "index": 0
          }
        ],
        [
          {
            "node": "NocoDB3",
            "type": "main",
            "index": 0
          }
        ],
        [
          {
            "node": "NocoDB4",
            "type": "main",
            "index": 0
          }
        ],
        [
          {
            "node": "NocoDB5",
            "type": "main",
            "index": 0
          }
        ],
        [
          {
            "node": "Google Sheets",
            "type": "main",
            "index": 0
          }
        ]
      ]
    },
    "NocoDB": {
      "main": [
        [
          {
            "node": "CARRITO ROSADO",
            "type": "main",
            "index": 0
          }
        ]
      ]
    },
    "ELECCION DE RESTAURANTS": {
      "main": [
        [
          {
            "node": "SWITCH SALIDA",
            "type": "main",
            "index": 0
          }
        ]
      ]
    },
    "NocoDB1": {
      "main": [
        [
          {
            "node": "CARRO AMARILLO",
            "type": "main",
            "index": 0
          }
        ]
      ]
    },
    "NocoDB2": {
      "main": [
        [
          {
            "node": "CARRO AMARILLO1",
            "type": "main",
            "index": 0
          }
        ]
      ]
    },
    "NocoDB3": {
      "main": [
        [
          {
            "node": "CARRO BLANCO",
            "type": "main",
            "index": 0
          }
        ]
      ]
    },
    "NocoDB4": {
      "main": [
        [
          {
            "node": "CARRO NEGRO",
            "type": "main",
            "index": 0
          }
        ]
      ]
    },
    "NocoDB5": {
      "main": [
        [
          {
            "node": "CARRO CELESTE",
            "type": "main",
            "index": 0
          }
        ]
      ]
    },
    "Google Sheets": {
      "main": [
        [
          {
            "node": "Wait",
            "type": "main",
            "index": 0
          }
        ]
      ]
    },
    "VARIABLES GLOBALES**": {
      "main": [
        [
          {
            "node": "TELEFONOS",
            "type": "main",
            "index": 0
          },
          {
            "node": "SWITCH SALIDA",
            "type": "main",
            "index": 0
          }
        ]
      ]
    },
    "Variables Globales**": {
      "main": [
        [
          {
            "node": "Lista de ayuda",
            "type": "main",
            "index": 0
          }
        ]
      ]
    },
    "Wait": {
      "main": [
        [
          {
            "node": "LOCAL LUKITAS",
            "type": "main",
            "index": 0
          }
        ]
      ]
    }
  },
  "settings": {
    "executionOrder": "v1"
  },
  "staticData": {
    "node:Schedule Trigger": {
      "recurrenceRules": []
    }
  },
  "meta": {
    "templateCredsSetupCompleted": true
  },
  "pinData": {},
  "versionId": "d5f0c4e4-10cb-4229-a611-96b0caf5459a",
  "triggerCount": 1,
  "tags": []
}