{
  "createdAt": "2025-02-19T10:41:16.261Z",
  "updatedAt": "2025-02-19T12:42:11.000Z",
  "id": "5bEJlc8IrY9jjKb5",
  "name": "DEMOMUNI",
  "active": false,
  "isArchived": false,
  "nodes": [
    {
      "parameters": {
        "sessionIdType": "customKey",
        "sessionKey": "={{ $('Webhook').item.json.body.data.key.remoteJid }}"
      },
      "id": "72634dcf-fb50-47f2-8308-b80d8d5e8dd5",
      "name": "Window Buffer Memory",
      "type": "@n8n/n8n-nodes-langchain.memoryBufferWindow",
      "typeVersion": 1.2,
      "position": [
        280,
        260
      ]
    },
    {
      "parameters": {
        "jsCode": "function sanitizeJsonString(str) {\n    if (typeof str !== 'string') {\n        return str;\n    }\n    return str\n        .replace(/[\\u0000-\\u001F\\u007F-\\u009F]/g, '') // Elimina caracteres de control\n        .replace(/\\\\/g, '\\\\\\\\')  // Escapa las barras invertidas\n        .replace(/\"/g, '\\\\\"')    // Escapa las comillas dobles\n        .replace(/\\n+/g, '\\\\n')  // Convierte saltos de línea en \\n escapados\n        .replace(/\\\\n\\s+/g, '\\\\n')  // Elimina espacios extra después de cada \\n\n        .replace(/\\s+\\\\n/g, '\\\\n')  // Elimina espacios extra antes de cada \\n\n        .replace(/\\\\n\\\\n/g, '\\\\n')  // Reduce múltiples \\n consecutivos a uno solo\n        .trim();\n}\n\nfunction ensureValidJson(input) {\n    try {\n        // Si el input ya es un objeto, lo convertimos a string\n        const inputStr = typeof input === 'object' ? JSON.stringify(input) : input;\n        \n        // Intentamos parsear para verificar si es JSON válido\n        const parsed = JSON.parse(inputStr);\n        \n        // Procesamos recursivamente cada valor del objeto\n        if (typeof parsed === 'object' && parsed !== null) {\n            Object.keys(parsed).forEach(key => {\n                if (typeof parsed[key] === 'string') {\n                    parsed[key] = sanitizeJsonString(parsed[key]);\n                }\n            });\n        }\n        \n        return [{\n            json: parsed\n        }];\n    } catch (error) {\n        // Si hay un error, devolvemos un objeto JSON válido con el error\n        return [{\n            json: {\n                error: \"Invalid JSON input\",\n                originalInput: input\n            }\n        }];\n    }\n}\n\n// Uso en n8n:\nreturn ensureValidJson($json);"
      },
      "id": "7c14da90-a6ce-4205-9973-99f4a6f833f2",
      "name": "Code",
      "type": "n8n-nodes-base.code",
      "typeVersion": 2,
      "position": [
        620,
        0
      ]
    },
    {
      "parameters": {
        "descriptionType": "manual",
        "toolDescription": "Consulta la disponibilidad del calendario",
        "operation": "getAll",
        "calendar": {
          "__rl": true,
          "value": "c812813d0c656d21b0303aa29c2e3e015f5e73542d2ab23f41c27b4f1953605b@group.calendar.google.com",
          "mode": "list",
          "cachedResultName": "DEMO CESFAM"
        },
        "limit": 10,
        "options": {
          "timeMin": "={{ $now }}"
        }
      },
      "id": "6e4ce6be-6ca1-49b8-bdcb-be645121111c",
      "name": "Google Calendar",
      "type": "n8n-nodes-base.googleCalendarTool",
      "typeVersion": 1.2,
      "position": [
        580,
        260
      ],
      "credentials": {
        "googleCalendarOAuth2Api": {
          "id": "X3q119JgNdhZLvhE",
          "name": "Google Calendar account"
        }
      }
    },
    {
      "parameters": {
        "options": {}
      },
      "id": "85403a17-69b4-4f9e-8ae9-2f74ea3b488e",
      "name": "OpenAI Chat Model",
      "type": "@n8n/n8n-nodes-langchain.lmChatOpenAi",
      "typeVersion": 1,
      "position": [
        120,
        260
      ],
      "credentials": {
        "openAiApi": {
          "id": "8v26h4rkro6bU5rn",
          "name": "OpenAi account"
        }
      }
    },
    {
      "parameters": {
        "descriptionType": "manual",
        "toolDescription": "Crea la cita en el calendario",
        "calendar": {
          "__rl": true,
          "value": "c812813d0c656d21b0303aa29c2e3e015f5e73542d2ab23f41c27b4f1953605b@group.calendar.google.com",
          "mode": "list",
          "cachedResultName": "DEMO CESFAM"
        },
        "start": "={{ $fromAI(\"datetime_start\") }}",
        "end": "={{ $fromAI(\"datetime_end\") }}",
        "additionalFields": {
          "summary": "=Citacion para : {{ $fromAI(\"name\") }}"
        }
      },
      "id": "be629d41-b452-48a2-980e-f5c63610b2c6",
      "name": "Google Calendar1",
      "type": "n8n-nodes-base.googleCalendarTool",
      "typeVersion": 1.2,
      "position": [
        420,
        260
      ],
      "credentials": {
        "googleCalendarOAuth2Api": {
          "id": "X3q119JgNdhZLvhE",
          "name": "Google Calendar account"
        }
      }
    },
    {
      "parameters": {
        "method": "POST",
        "url": "=https://sandobot-evolution.gizpoo.easypanel.host/message/sendText/DEMOMUNI",
        "sendHeaders": true,
        "headerParameters": {
          "parameters": [
            {
              "name": "apikey",
              "value": "=A93464D699A5-40AB-98D9-C168F99EACEA"
            }
          ]
        },
        "sendBody": true,
        "specifyBody": "json",
        "jsonBody": "={\n    \"number\": \"{{ $('Webhook').item.json.body.data.key.remoteJid }}\",\n    \"text\": \"{{ $json.output }}\"\n}",
        "options": {}
      },
      "id": "68d4f750-693d-4b52-8ed5-ac816fd8c718",
      "name": "Enviar texto",
      "type": "n8n-nodes-base.httpRequest",
      "typeVersion": 4.2,
      "position": [
        780,
        0
      ]
    },
    {
      "parameters": {
        "httpMethod": "POST",
        "path": "demomuni",
        "options": {}
      },
      "id": "c7ed1c69-31bb-456f-a4ea-53c9f190695f",
      "name": "Webhook",
      "type": "n8n-nodes-base.webhook",
      "typeVersion": 2,
      "position": [
        -60,
        20
      ],
      "webhookId": "547819cd-d0d5-4823-8da4-a88518792b7a"
    },
    {
      "parameters": {
        "promptType": "define",
        "text": "=El usuario necesita información sobre: {{ $json.body.data.message.conversation }}",
        "options": {
          "systemMessage": "=Prompt para Bot de Atención al Ciudadano\n\nObjetivo:\nEl bot debe brindar información clara, precisa y útil sobre los servicios, trámites y actividades que ofrece la Municipalidad de Putaendo. Debe ser amable, profesional y capaz de guiar a los ciudadanos en sus consultas.\nInstrucciones para el Bot:\n\n    Saludo inicial:\n\n        El bot debe saludar de manera cordial y presentarse como el asistente virtual de la Municipalidad de Putaendo.\n\n        Ejemplo:\n        \"¡Hola! Soy tu asistente virtual de la Municipalidad de Putaendo. Estoy aquí para ayudarte con información sobre trámites, servicios y actividades en nuestra comuna. ¿En qué puedo asistirte hoy?\"\n\n    Identificación de la consulta:\n\n        El bot debe preguntar al usuario sobre el tema de su consulta y ofrecer opciones comunes (trámites, servicios, noticias, etc.).\n\n        Ejemplo:\n        \"Puedo ayudarte con temas como: trámites municipales, servicios de recolección de basura, actividades culturales, permisos de construcción, entre otros. ¿Qué necesitas saber?\"\n\n    Respuestas detalladas por tema:\n\n        El bot debe proporcionar información específica según el tema consultado. Aquí hay ejemplos de respuestas para diferentes áreas:\n    Trámites Municipales:\n\n        \"Para realizar trámites como licencias de conducir, permisos de circulación o certificados de residencia, puedes acudir a la Oficina de Atención al Ciudadano en [dirección], de lunes a viernes de 9:00 a 14:00 horas. También puedes visitar nuestro sitio web para más detalles.\"\n    Recolección de Basura:\n\n        \"El servicio de recolección de basura en Putaendo funciona de lunes a sábado. Los días y horarios varían según el sector. Por ejemplo, en el centro la recolección es de lunes a viernes a las 8:00 AM. ¿Necesitas saber el horario de tu sector?\"\n    Actividades Culturales:\n\n        \"¡Claro! Este mes tenemos varias actividades culturales. Por ejemplo, este sábado habrá un taller de artesanía local en el Centro Cultural a las 10:00 AM. Además, el próximo fin de semana se realizará un festival gastronómico en la plaza principal. ¿Te gustaría más información sobre alguna de estas actividades?\"\n    Permisos de Construcción:\n\n        \"Para solicitar un permiso de construcción, debes presentar los planos de tu proyecto, una solicitud formal y otros documentos requeridos en la Oficina de Obras Municipales. El proceso tarda aproximadamente 20 días hábiles. ¿Necesitas ayuda con los requisitos específicos?\"\n    Emergencias o Problemas Urgentes:\n\n        \"En caso de emergencias, como cortes de agua, fallas en el alumbrado público o problemas de seguridad, puedes contactar al número de emergencias municipales: [número]. Estamos disponibles 24/7 para asistirte.\"\n\n    Opciones adicionales:\n\n        Si el usuario no encuentra lo que busca, el bot debe ofrecer alternativas, como contactar a un funcionario o visitar la página web.\n\n        Ejemplo:\n        \"Si no encuentras lo que necesitas, puedes contactar a un funcionario directamente al [número de teléfono] o visitar nuestra página web para más información: [enlace]. ¿Hay algo más en lo que pueda ayudarte?\"\n\n    Despedida:\n\n        El bot debe despedirse de manera amable y ofrecer ayuda futura.\n\n        Ejemplo:\n        \"Gracias por contactar a la Municipalidad de Putaendo. Si tienes más preguntas, no dudes en volver a escribirnos. ¡Que tengas un excelente día!\"\n\nEjemplo de Conversación Completa:\n\nUsuario: Hola, necesito información sobre los horarios de recolección de basura.\nBot: ¡Hola! Claro, te puedo ayudar con eso. El servicio de recolección de basura en Putaendo funciona de lunes a sábado. Los horarios varían según el sector. Por ejemplo, en el centro la recolección es de lunes a viernes a las 8:00 AM. ¿Podrías decirme en qué sector vives para darte el horario exacto?\n\nUsuario: Vivo en el sector de [nombre del sector].\nBot: Perfecto. En [nombre del sector], la recolección de basura se realiza los martes, jueves y sábados a las 10:00 AM. Recuerda sacar tus residuos en bolsas cerradas y respetar los horarios para evitar multas. ¿Necesitas información sobre otro servicio?\n\nUsuario: No, eso es todo. Gracias.\nBot: ¡De nada! Si tienes más preguntas en el futuro, no dudes en contactarnos. Que tengas un excelente día.\n"
        }
      },
      "id": "7313f232-183a-42ad-ae28-5d9067d62863",
      "name": "CITA&INFO",
      "type": "@n8n/n8n-nodes-langchain.agent",
      "typeVersion": 1.7,
      "position": [
        280,
        0
      ]
    },
    {
      "parameters": {
        "name": "ConectaBot",
        "description": "Informacion sobre CONECTATE con Soporte, Ventas y dias festivos.",
        "topK": 10
      },
      "type": "@n8n/n8n-nodes-langchain.toolVectorStore",
      "typeVersion": 1,
      "position": [
        780,
        240
      ],
      "id": "1adcc782-59ad-42d4-90b1-c0d597cee9b4",
      "name": "Vector Store Tool"
    },
    {
      "parameters": {
        "pineconeIndex": {
          "__rl": true,
          "value": "ragconectate",
          "mode": "list",
          "cachedResultName": "ragconectate"
        },
        "options": {
          "pineconeNamespace": "ragconectate"
        }
      },
      "type": "@n8n/n8n-nodes-langchain.vectorStorePinecone",
      "typeVersion": 1,
      "position": [
        700,
        420
      ],
      "id": "3917e25a-6441-4723-b614-163c5a2c9187",
      "name": "Pinecone Vector Store",
      "credentials": {
        "pineconeApi": {
          "id": "aI18hOpR90xnWHIO",
          "name": "PineconeApi account"
        }
      }
    },
    {
      "parameters": {
        "options": {}
      },
      "type": "@n8n/n8n-nodes-langchain.embeddingsOpenAi",
      "typeVersion": 1.1,
      "position": [
        680,
        600
      ],
      "id": "387308b7-6b05-4c5d-bad6-026a6832bf90",
      "name": "Embeddings OpenAI",
      "credentials": {
        "openAiApi": {
          "id": "8v26h4rkro6bU5rn",
          "name": "OpenAi account"
        }
      }
    },
    {
      "parameters": {
        "options": {}
      },
      "type": "@n8n/n8n-nodes-langchain.lmChatOpenAi",
      "typeVersion": 1,
      "position": [
        1020,
        360
      ],
      "id": "12b56d09-0aa6-46c1-a3cc-b4506e31ce2f",
      "name": "OpenAI Chat Model1",
      "credentials": {
        "openAiApi": {
          "id": "8v26h4rkro6bU5rn",
          "name": "OpenAi account"
        }
      }
    }
  ],
  "connections": {
    "Window Buffer Memory": {
      "ai_memory": [
        [
          {
            "node": "CITA&INFO",
            "type": "ai_memory",
            "index": 0
          }
        ]
      ]
    },
    "Code": {
      "main": [
        [
          {
            "node": "Enviar texto",
            "type": "main",
            "index": 0
          }
        ]
      ]
    },
    "Google Calendar": {
      "ai_tool": [
        [
          {
            "node": "CITA&INFO",
            "type": "ai_tool",
            "index": 0
          }
        ]
      ]
    },
    "OpenAI Chat Model": {
      "ai_languageModel": [
        [
          {
            "node": "CITA&INFO",
            "type": "ai_languageModel",
            "index": 0
          }
        ]
      ]
    },
    "Google Calendar1": {
      "ai_tool": [
        [
          {
            "node": "CITA&INFO",
            "type": "ai_tool",
            "index": 0
          }
        ]
      ]
    },
    "Enviar texto": {
      "main": [
        []
      ]
    },
    "Webhook": {
      "main": [
        [
          {
            "node": "CITA&INFO",
            "type": "main",
            "index": 0
          }
        ]
      ]
    },
    "CITA&INFO": {
      "main": [
        [
          {
            "node": "Code",
            "type": "main",
            "index": 0
          }
        ]
      ]
    },
    "Vector Store Tool": {
      "ai_tool": [
        [
          {
            "node": "CITA&INFO",
            "type": "ai_tool",
            "index": 0
          }
        ]
      ]
    },
    "Pinecone Vector Store": {
      "ai_vectorStore": [
        [
          {
            "node": "Vector Store Tool",
            "type": "ai_vectorStore",
            "index": 0
          }
        ]
      ]
    },
    "Embeddings OpenAI": {
      "ai_embedding": [
        [
          {
            "node": "Pinecone Vector Store",
            "type": "ai_embedding",
            "index": 0
          }
        ]
      ]
    },
    "OpenAI Chat Model1": {
      "ai_languageModel": [
        [
          {
            "node": "Vector Store Tool",
            "type": "ai_languageModel",
            "index": 0
          }
        ]
      ]
    }
  },
  "settings": {
    "executionOrder": "v1"
  },
  "staticData": null,
  "meta": null,
  "pinData": {},
  "versionId": "7f9c5886-d7d0-4fa9-9c2b-4e815a5f8496",
  "triggerCount": 1,
  "tags": []
}