{
  "createdAt": "2025-03-18T04:41:29.913Z",
  "updatedAt": "2025-03-19T01:18:50.000Z",
  "id": "8evNsL29qhatX4Pj",
  "name": "SACAR ID TELEGRAM",
  "active": false,
  "isArchived": false,
  "nodes": [
    {
      "parameters": {
        "updates": [
          "message"
        ],
        "additionalFields": {}
      },
      "type": "n8n-nodes-base.telegramTrigger",
      "typeVersion": 1.1,
      "position": [
        0,
        0
      ],
      "id": "5fa7e64b-c28d-4ea9-99b1-b1af1208763e",
      "name": "Telegram Trigger",
      "webhookId": "aa238493-a2d3-4837-bc1b-ee15bc3c62b1",
      "credentials": {
        "telegramApi": {
          "id": "AuYsQhqQS0hrOiHr",
          "name": "TELEGRAM PARROTCTT"
        }
      }
    },
    {
      "parameters": {
        "chatId": "1125548932",
        "text": "Prueba",
        "additionalFields": {
          "appendAttribution": false
        }
      },
      "type": "n8n-nodes-base.telegram",
      "typeVersion": 1.2,
      "position": [
        220,
        0
      ],
      "id": "4c35a819-d65e-4a17-a37a-23145aa1219b",
      "name": "Telegram",
      "webhookId": "5ac0d14c-0be6-4983-988a-a1c6162ea930",
      "credentials": {
        "telegramApi": {
          "id": "AuYsQhqQS0hrOiHr",
          "name": "TELEGRAM PARROTCTT"
        }
      }
    }
  ],
  "connections": {
    "Telegram Trigger": {
      "main": [
        [
          {
            "node": "Telegram",
            "type": "main",
            "index": 0
          }
        ]
      ]
    }
  },
  "settings": {
    "executionOrder": "v1"
  },
  "staticData": null,
  "meta": {
    "templateCredsSetupCompleted": true
  },
  "pinData": {},
  "versionId": "d5a7a8b6-89ff-4411-833f-bd3cf79d0b9a",
  "triggerCount": 0,
  "tags": []
}