{
  "createdAt": "2025-08-12T17:23:32.354Z",
  "updatedAt": "2025-08-14T16:52:11.000Z",
  "id": "dCyWVYZ18HS5fGrF",
  "name": "LANZADOR CLOVERNET",
  "active": false,
  "isArchived": false,
  "nodes": [
    {
      "parameters": {},
      "type": "n8n-nodes-base.scheduleTrigger",
      "typeVersion": 1.2,
      "position": [
        -880,
        -16
      ],
      "id": "b602ccbc-dc75-454f-abce-a5f075a1bdf0",
      "name": "Schedule Trigger"
    },
    {
      "parameters": {
        "authentication": "nocoDbApiToken",
        "operation": "getAll",
        "projectId": "pyy4b7tpc66hx7g",
        "table": "m65w3xtl5233jvv",
        "options": {}
      },
      "type": "n8n-nodes-base.nocoDb",
      "typeVersion": 3,
      "position": [
        -352,
        -16
      ],
      "id": "7b5dc9f4-42c0-464b-8ec4-47a597cbf936",
      "name": "Get many rows",
      "credentials": {
        "nocoDbApiToken": {
          "id": "9xXXz8ovGssloRcN",
          "name": "NocoDB Token account"
        }
      }
    },
    {
      "parameters": {
        "resource": "messages-api",
        "instanceName": "CLOVERNET",
        "remoteJid": "={{ $json.Telefono }}",
        "messageText": "={{ $('Get a document').item.json.content }}",
        "options_message": {}
      },
      "type": "n8n-nodes-evolution-api.evolutionApi",
      "typeVersion": 1,
      "position": [
        256,
        0
      ],
      "id": "d198a3e7-b51d-435e-81f2-9d8d0db54cc5",
      "name": "Enviar texto",
      "credentials": {
        "evolutionApi": {
          "id": "cBhgNdLJfopWTi7L",
          "name": "CLOVERNET"
        }
      }
    },
    {
      "parameters": {
        "operation": "get",
        "documentURL": "https://docs.google.com/document/d/1skWnA8ps-s6tJXsgN9ao9YKIVZCZnyeZ-m_Yczd_LWA/edit?tab=t.0"
      },
      "type": "n8n-nodes-base.googleDocs",
      "typeVersion": 2,
      "position": [
        -640,
        -16
      ],
      "id": "8334aaf7-2bcd-440b-a84e-9f84776d3482",
      "name": "Get a document",
      "credentials": {
        "googleDocsOAuth2Api": {
          "id": "LdOeDC5NPDdv0uWz",
          "name": "Google Docs account"
        }
      }
    },
    {
      "parameters": {
        "options": {}
      },
      "type": "n8n-nodes-base.splitInBatches",
      "typeVersion": 3,
      "position": [
        -144,
        -16
      ],
      "id": "f758edde-686d-4a7f-8578-ba2d0ee49db0",
      "name": "Loop Over Items"
    },
    {
      "parameters": {
        "amount": 30
      },
      "type": "n8n-nodes-base.wait",
      "typeVersion": 1.1,
      "position": [
        80,
        0
      ],
      "id": "10802070-510f-4567-8806-d1c83ee63e21",
      "name": "Wait",
      "webhookId": "869a43f8-4b6f-4b86-95f5-d00c51e6ab19"
    },
    {
      "parameters": {},
      "type": "n8n-nodes-base.noOp",
      "typeVersion": 1,
      "position": [
        64,
        -176
      ],
      "id": "e0bc4f69-6dfb-4a18-99d7-6ca6e255b836",
      "name": "No Operation, do nothing"
    },
    {
      "parameters": {
        "resource": "integrations-api",
        "operation": "evolution-bot",
        "instanceName": "CLOVERNET",
        "resourceForEvolutionBot": "changeStatusEvolutionBot",
        "evolutionBotId": "={{ $workflow.id }}",
        "remoteJid": "={{ $('Get many rows').item.json.Telefono }}",
        "status": "closed"
      },
      "type": "n8n-nodes-evolution-api.evolutionApi",
      "typeVersion": 1,
      "position": [
        464,
        0
      ],
      "id": "c8029ad7-9945-48df-91f1-e91a78a786ac",
      "name": "Evolution bot",
      "credentials": {
        "evolutionApi": {
          "id": "cBhgNdLJfopWTi7L",
          "name": "CLOVERNET"
        }
      }
    }
  ],
  "connections": {
    "Schedule Trigger": {
      "main": [
        [
          {
            "node": "Get a document",
            "type": "main",
            "index": 0
          }
        ]
      ]
    },
    "Get many rows": {
      "main": [
        [
          {
            "node": "Loop Over Items",
            "type": "main",
            "index": 0
          }
        ]
      ]
    },
    "Get a document": {
      "main": [
        [
          {
            "node": "Get many rows",
            "type": "main",
            "index": 0
          }
        ]
      ]
    },
    "Loop Over Items": {
      "main": [
        [
          {
            "node": "No Operation, do nothing",
            "type": "main",
            "index": 0
          }
        ],
        [
          {
            "node": "Wait",
            "type": "main",
            "index": 0
          }
        ]
      ]
    },
    "Enviar texto": {
      "main": [
        [
          {
            "node": "Evolution bot",
            "type": "main",
            "index": 0
          }
        ]
      ]
    },
    "Wait": {
      "main": [
        [
          {
            "node": "Enviar texto",
            "type": "main",
            "index": 0
          }
        ]
      ]
    },
    "Evolution bot": {
      "main": [
        [
          {
            "node": "Loop Over Items",
            "type": "main",
            "index": 0
          }
        ]
      ]
    }
  },
  "settings": {
    "executionOrder": "v1",
    "timezone": "America/Santiago",
    "callerPolicy": "workflowsFromSameOwner"
  },
  "staticData": {
    "node:Schedule Trigger": {
      "recurrenceRules": []
    }
  },
  "meta": {
    "templateCredsSetupCompleted": true
  },
  "pinData": {},
  "versionId": "4eb428f8-d696-4fdf-9c11-ef614621c983",
  "triggerCount": 1,
  "tags": []
}