{
  "createdAt": "2025-03-05T04:31:55.195Z",
  "updatedAt": "2025-03-05T04:31:55.195Z",
  "id": "DID7pfqsCHFvyaHX",
  "name": "EJEMPLOS",
  "active": false,
  "isArchived": false,
  "nodes": [
    {
      "parameters": {},
      "id": "9754e358-9f8d-4520-969e-079421482d47",
      "name": "When clicking ‘Test workflow’",
      "type": "n8n-nodes-base.manualTrigger",
      "position": [
        -160,
        -160
      ],
      "typeVersion": 1
    },
    {
      "parameters": {
        "assignments": {
          "assignments": [
            {
              "id": "93f57008-99b7-4d9b-b67d-62b4cd2f5c23",
              "name": "urlEvolutionApi",
              "value": "https://evolution-evolutionapi.ugkfof.easypanel.host/",
              "type": "string"
            },
            {
              "id": "cfddaf1d-b4c0-4429-983c-176d536da3e1",
              "name": "apikeyGlobal",
              "value": "VA360",
              "type": "string"
            },
            {
              "id": "07662f9e-5992-4ee7-b0c6-1dae4924bb1a",
              "name": "whatsappDestino",
              "value": "34XXXXXXXXX",
              "type": "string"
            },
            {
              "id": "5e02bdd7-b30a-443b-8aad-27c73bb9627a",
              "name": "nombreInstancia",
              "value": "valen",
              "type": "string"
            }
          ]
        },
        "options": {}
      },
      "id": "6aff244d-1402-49c8-9324-568f84af7344",
      "name": "Variables",
      "type": "n8n-nodes-base.set",
      "typeVersion": 3.3,
      "position": [
        20,
        -160
      ]
    },
    {
      "parameters": {
        "method": "POST",
        "url": "={{ $('Variables').item.json.urlEvolutionApi.replace(/\\/$/, '') }}/message/sendTemplate/{{$('Variables').item.json.nombreInstancia}}",
        "sendHeaders": true,
        "headerParameters": {
          "parameters": [
            {
              "name": "apikey",
              "value": "={{ $('Variables').item.json.apikeyGlobal }}"
            }
          ]
        },
        "sendBody": true,
        "specifyBody": "json",
        "jsonBody": "={\n    \"number\": \"{{ $('Variables').item.json.whatsappDestino }}\",\n    \"name\": \"hello_world\",\n    \"language\": \"en_US\",\n    \"components\": [\n        {\n            \"type\": \"body\",\n            \"parameters\": [\n                {\n                    \"type\": \"text\",\n                    \"text\": \"Name\"\n                },\n                {\n                    \"type\": \"text\",\n                    \"text\": \"email@email.com\"\n                }\n            ]\n        },\n        {\n            \"type\": \"button\",\n            \"sub_type\": \"URL\",\n            \"index\": \"1\",\n            \"parameters\": [\n                {\n                    \"type\": \"text\",\n                    \"text\": \"/reset-password/1234\"\n                }\n            ]\n        }\n    ]\n}",
        "options": {}
      },
      "id": "74ec1402-fa6f-44ac-bd48-951e398821d1",
      "name": "Send Template",
      "type": "n8n-nodes-base.httpRequest",
      "typeVersion": 4.2,
      "position": [
        20,
        80
      ]
    },
    {
      "parameters": {
        "method": "POST",
        "url": "={{ $('Variables').item.json.urlEvolutionApi.replace(/\\/$/, '') }}/message/sendText/{{$('Variables').item.json.nombreInstancia}}",
        "sendHeaders": true,
        "headerParameters": {
          "parameters": [
            {
              "name": "apikey",
              "value": "={{ $('Variables').item.json.apikeyGlobal }}"
            }
          ]
        },
        "sendBody": true,
        "bodyParameters": {
          "parameters": [
            {
              "name": "number",
              "value": "={{ $('Variables').item.json.whatsappDestino }}"
            },
            {
              "name": "text",
              "value": "👀..."
            },
            {
              "name": "delay",
              "value": "={{ 1000 }}"
            },
            {
              "name": "linkPreview",
              "value": "={{ true }}"
            },
            {
              "name": "mentionsEveryOne",
              "value": "={{ true }}"
            }
          ]
        },
        "options": {}
      },
      "id": "c07353a5-4f22-4dbf-bd51-1c027eec4064",
      "name": "Send Text",
      "type": "n8n-nodes-base.httpRequest",
      "typeVersion": 4.2,
      "position": [
        20,
        260
      ]
    },
    {
      "parameters": {
        "method": "POST",
        "url": "={{ $('Variables').item.json.urlEvolutionApi.replace(/\\/$/, '') }}/message/sendMedia/{{$('Variables').item.json.nombreInstancia}}",
        "sendHeaders": true,
        "headerParameters": {
          "parameters": [
            {
              "name": "apikey",
              "value": "={{ $('Variables').item.json.apikeyGlobal }}"
            }
          ]
        },
        "sendBody": true,
        "bodyParameters": {
          "parameters": [
            {
              "name": "number",
              "value": "={{ $('Variables').item.json.whatsappDestino }}"
            },
            {
              "name": "mediatype",
              "value": "image"
            },
            {
              "name": "mimetype",
              "value": "image/jpeg"
            },
            {
              "name": "caption",
              "value": "Caption de ejemplo"
            },
            {
              "name": "media",
              "value": "https://www.fundacionaquae.org/wp-content/uploads/2018/10/proteger-a-los-animales.jpg"
            },
            {
              "name": "fileName",
              "value": "foto.jpg"
            },
            {
              "name": "delay",
              "value": "={{ 1000 }}"
            },
            {
              "name": "quoted",
              "value": "={{ \n{\n  \"key\": {\n    \"remoteJid\": \"56982574761@s.whatsapp.net\",\n    \"fromMe\": false,\n    \"id\": \"7976EF7AF7DCB6E65D\"\n  },\n  \"pushName\": \"Ben\",\n  \"message\": {\n    \"extendedTextMessage\": {\n      \"text\": \"hhhhhh\",\n      \"contextInfo\": {\n        \"expiration\": 0,\n        \"ephemeralSettingTimestamp\": \"0\",\n        \"disappearingMode\": {\n          \"initiator\": \"CHANGED_IN_CHAT\"\n        }\n      }\n    },\n    \"messageContextInfo\": {\n      \"deviceListMetadata\": {\n        \"senderKeyHash\": \"WGJHyqZ2DhDNmA==\",\n        \"senderTimestamp\": \"1717854557\",\n        \"recipientKeyHash\": \"NIcJiC7QCVgbQQ==\",\n        \"recipientTimestamp\": \"1718306911\"\n      },\n      \"deviceListMetadataVersion\": 2\n    }\n  },\n  \"contextInfo\": {\n    \"expiration\": 0,\n    \"ephemeralSettingTimestamp\": \"0\",\n    \"disappearingMode\": {\n      \"initiator\": \"CHANGED_IN_CHAT\"\n    }\n  },\n  \"messageType\": \"extendedTextMessage\",\n  \"messageTimestamp\": 1718317624,\n  \"instanceId\": \"329c1fbd-58a9-4412-bfdd-81d639aa491a\",\n  \"source\": \"desktop\"\n}\n}}"
            },
            {
              "name": "mentionsEveryOne",
              "value": "={{ false }}"
            },
            {
              "name": "mentioned",
              "value": "={{ [$('Variables').item.json.whatsappDestino] }}"
            }
          ]
        },
        "options": {}
      },
      "id": "39ee7dba-c160-4736-8855-5b2a5a600672",
      "name": "Send Media",
      "type": "n8n-nodes-base.httpRequest",
      "typeVersion": 4.2,
      "position": [
        20,
        440
      ]
    },
    {
      "parameters": {
        "method": "POST",
        "url": "={{ $('Variables').item.json.urlEvolutionApi.replace(/\\/$/, '') }}/message/sendWhatsAppAudio/{{$('Variables').item.json.nombreInstancia}}",
        "sendHeaders": true,
        "headerParameters": {
          "parameters": [
            {
              "name": "apikey",
              "value": "={{ $('Variables').item.json.apikeyGlobal }}"
            }
          ]
        },
        "sendBody": true,
        "bodyParameters": {
          "parameters": [
            {
              "name": "number",
              "value": "={{ $('Variables').item.json.whatsappDestino }}"
            },
            {
              "name": "audio",
              "value": "http://www.sonidosmp3gratis.com/sounds/ringtones-pato-donald.mp3"
            },
            {
              "name": "delay",
              "value": "={{ 1000 }}"
            },
            {
              "name": "quoted",
              "value": "={{ \n{\n  \"key\": {\n    \"remoteJid\": \"56982574761@s.whatsapp.net\",\n    \"fromMe\": false,\n    \"id\": \"7976EF7AF7DCB6E65D\"\n  },\n  \"pushName\": \"Ben\",\n  \"message\": {\n    \"extendedTextMessage\": {\n      \"text\": \"hhhhhh\",\n      \"contextInfo\": {\n        \"expiration\": 0,\n        \"ephemeralSettingTimestamp\": \"0\",\n        \"disappearingMode\": {\n          \"initiator\": \"CHANGED_IN_CHAT\"\n        }\n      }\n    },\n    \"messageContextInfo\": {\n      \"deviceListMetadata\": {\n        \"senderKeyHash\": \"WGJHyqZ2DhDNmA==\",\n        \"senderTimestamp\": \"1717854557\",\n        \"recipientKeyHash\": \"NIcJiC7QCVgbQQ==\",\n        \"recipientTimestamp\": \"1718306911\"\n      },\n      \"deviceListMetadataVersion\": 2\n    }\n  },\n  \"contextInfo\": {\n    \"expiration\": 0,\n    \"ephemeralSettingTimestamp\": \"0\",\n    \"disappearingMode\": {\n      \"initiator\": \"CHANGED_IN_CHAT\"\n    }\n  },\n  \"messageType\": \"extendedTextMessage\",\n  \"messageTimestamp\": 1718317624,\n  \"instanceId\": \"329c1fbd-58a9-4412-bfdd-81d639aa491a\",\n  \"source\": \"desktop\"\n}\n}}"
            },
            {
              "name": "mentionsEveryOne",
              "value": "={{ false }}"
            },
            {
              "name": "mentioned",
              "value": "={{ [$('Variables').item.json.whatsappDestino] }}"
            },
            {
              "name": "encoding",
              "value": "={{ true }}"
            }
          ]
        },
        "options": {}
      },
      "id": "dd0e782b-8a19-426c-8a2a-be9b0a9b25ff",
      "name": "Send Narrated Audio",
      "type": "n8n-nodes-base.httpRequest",
      "typeVersion": 4.2,
      "position": [
        20,
        620
      ]
    },
    {
      "parameters": {
        "method": "POST",
        "url": "={{ $('Variables').item.json.urlEvolutionApi.replace(/\\/$/, '') }}/message/sendStatus/{{$('Variables').item.json.nombreInstancia}}",
        "sendHeaders": true,
        "headerParameters": {
          "parameters": [
            {
              "name": "apikey",
              "value": "={{ $('Variables').item.json.apikeyGlobal }}"
            }
          ]
        },
        "sendBody": true,
        "bodyParameters": {
          "parameters": [
            {
              "name": "type",
              "value": "image"
            },
            {
              "name": "content",
              "value": "https://www.fundacionaquae.org/wp-content/uploads/2018/10/proteger-a-los-animales.jpg"
            },
            {
              "name": "caption",
              "value": "Hola, esto es un estado de pruebas 🙂"
            },
            {
              "name": "backgroundColor",
              "value": "#ffffff"
            },
            {
              "name": "font",
              "value": "={{ 5 }}"
            },
            {
              "name": "allContacts",
              "value": "={{ true }}"
            },
            {
              "name": "statusJidList",
              "value": "={{ [$('Variables').item.json.whatsappDestino] }}"
            }
          ]
        },
        "options": {}
      },
      "id": "5af87b51-7d7e-4130-8702-b8ac5e500576",
      "name": "Send Status/Stories",
      "type": "n8n-nodes-base.httpRequest",
      "typeVersion": 4.2,
      "position": [
        20,
        800
      ]
    },
    {
      "parameters": {
        "method": "POST",
        "url": "={{ $('Variables').item.json.urlEvolutionApi.replace(/\\/$/, '') }}/message/sendSticker/{{$('Variables').item.json.nombreInstancia}}",
        "sendHeaders": true,
        "headerParameters": {
          "parameters": [
            {
              "name": "apikey",
              "value": "={{ $('Variables').item.json.apikeyGlobal }}"
            }
          ]
        },
        "sendBody": true,
        "bodyParameters": {
          "parameters": [
            {
              "name": "number",
              "value": "={{ $('Variables').item.json.whatsappDestino }}"
            },
            {
              "name": "sticker",
              "value": "https://static.vecteezy.com/system/resources/thumbnails/027/246/669/small/fox-isolated-on-transparent-background-ai-generated-png.png"
            },
            {
              "name": "delay",
              "value": "={{ 1000 }}"
            },
            {
              "name": "quoted",
              "value": "={{ \n{\n  \"key\": {\n    \"remoteJid\": \"56982574761@s.whatsapp.net\",\n    \"fromMe\": false,\n    \"id\": \"7976EF7AF7DCB6E65D\"\n  },\n  \"pushName\": \"Ben\",\n  \"message\": {\n    \"extendedTextMessage\": {\n      \"text\": \"hhhhhh\",\n      \"contextInfo\": {\n        \"expiration\": 0,\n        \"ephemeralSettingTimestamp\": \"0\",\n        \"disappearingMode\": {\n          \"initiator\": \"CHANGED_IN_CHAT\"\n        }\n      }\n    },\n    \"messageContextInfo\": {\n      \"deviceListMetadata\": {\n        \"senderKeyHash\": \"WGJHyqZ2DhDNmA==\",\n        \"senderTimestamp\": \"1717854557\",\n        \"recipientKeyHash\": \"NIcJiC7QCVgbQQ==\",\n        \"recipientTimestamp\": \"1718306911\"\n      },\n      \"deviceListMetadataVersion\": 2\n    }\n  },\n  \"contextInfo\": {\n    \"expiration\": 0,\n    \"ephemeralSettingTimestamp\": \"0\",\n    \"disappearingMode\": {\n      \"initiator\": \"CHANGED_IN_CHAT\"\n    }\n  },\n  \"messageType\": \"extendedTextMessage\",\n  \"messageTimestamp\": 1718317624,\n  \"instanceId\": \"329c1fbd-58a9-4412-bfdd-81d639aa491a\",\n  \"source\": \"desktop\"\n}\n}}"
            },
            {
              "name": "mentionsEveryOne",
              "value": "={{ false }}"
            },
            {
              "name": "mentioned",
              "value": "={{ [$('Variables').item.json.whatsappDestino] }}"
            }
          ]
        },
        "options": {}
      },
      "id": "ee51e7f8-ac35-44c7-86bb-d8eccf6e9a1c",
      "name": "Send Sticker",
      "type": "n8n-nodes-base.httpRequest",
      "typeVersion": 4.2,
      "position": [
        -420,
        80
      ]
    },
    {
      "parameters": {
        "method": "POST",
        "url": "={{ $('Variables').item.json.urlEvolutionApi.replace(/\\/$/, '') }}/message/sendLocation/{{$('Variables').item.json.nombreInstancia}}",
        "sendHeaders": true,
        "headerParameters": {
          "parameters": [
            {
              "name": "apikey",
              "value": "={{ $('Variables').item.json.apikeyGlobal }}"
            }
          ]
        },
        "sendBody": true,
        "bodyParameters": {
          "parameters": [
            {
              "name": "number",
              "value": "={{ $('Variables').item.json.whatsappDestino }}"
            },
            {
              "name": "name",
              "value": "Estadio Monumental David Arellano"
            },
            {
              "name": "address",
              "value": "Av. Marathon 5300, Macul, Región Metropolitana"
            },
            {
              "name": "latitude",
              "value": "={{ 36.52672 }}"
            },
            {
              "name": "longitude",
              "value": "={{ -6.2891 }}"
            },
            {
              "name": "delay",
              "value": "={{ 1000 }}"
            },
            {
              "name": "quoted",
              "value": "={{ \n{\n  \"key\": {\n    \"remoteJid\": \"56982574761@s.whatsapp.net\",\n    \"fromMe\": false,\n    \"id\": \"7976EF7AF7DCB6E65D\"\n  },\n  \"pushName\": \"Ben\",\n  \"message\": {\n    \"extendedTextMessage\": {\n      \"text\": \"hhhhhh\",\n      \"contextInfo\": {\n        \"expiration\": 0,\n        \"ephemeralSettingTimestamp\": \"0\",\n        \"disappearingMode\": {\n          \"initiator\": \"CHANGED_IN_CHAT\"\n        }\n      }\n    },\n    \"messageContextInfo\": {\n      \"deviceListMetadata\": {\n        \"senderKeyHash\": \"WGJHyqZ2DhDNmA==\",\n        \"senderTimestamp\": \"1717854557\",\n        \"recipientKeyHash\": \"NIcJiC7QCVgbQQ==\",\n        \"recipientTimestamp\": \"1718306911\"\n      },\n      \"deviceListMetadataVersion\": 2\n    }\n  },\n  \"contextInfo\": {\n    \"expiration\": 0,\n    \"ephemeralSettingTimestamp\": \"0\",\n    \"disappearingMode\": {\n      \"initiator\": \"CHANGED_IN_CHAT\"\n    }\n  },\n  \"messageType\": \"extendedTextMessage\",\n  \"messageTimestamp\": 1718317624,\n  \"instanceId\": \"329c1fbd-58a9-4412-bfdd-81d639aa491a\",\n  \"source\": \"desktop\"\n}\n}}"
            },
            {
              "name": "mentionsEveryOne",
              "value": "={{ false }}"
            },
            {
              "name": "mentioned",
              "value": "={{ [$('Variables').item.json.whatsappDestino] }}"
            }
          ]
        },
        "options": {}
      },
      "id": "c6a2d517-c71a-4c28-8b95-72f4f1d46a84",
      "name": "Send Location",
      "type": "n8n-nodes-base.httpRequest",
      "typeVersion": 4.2,
      "position": [
        -420,
        260
      ]
    },
    {
      "parameters": {
        "method": "POST",
        "url": "={{ $('Variables').item.json.urlEvolutionApi.replace(/\\/$/, '') }}/message/sendContact/{{$('Variables').item.json.nombreInstancia}}",
        "sendHeaders": true,
        "headerParameters": {
          "parameters": [
            {
              "name": "apikey",
              "value": "={{ $('Variables').item.json.apikeyGlobal }}"
            }
          ]
        },
        "sendBody": true,
        "bodyParameters": {
          "parameters": [
            {
              "name": "number",
              "value": "={{ $('Variables').item.json.whatsappDestino }}"
            },
            {
              "name": "contact",
              "value": "={{ [\n        {\n            \"fullName\": \"VA360\",\n            \"wuid\": \"12345678\",\n            \"phoneNumber\": \"+123456789\",\n            \"organization\": \"1stak\",\n            \"email\": \"valen@va360.pro\",\n            \"url\": \"https://va360.pro/\"\n        }\n    ] }}"
            }
          ]
        },
        "options": {}
      },
      "id": "9b87b299-a963-4944-9451-d21fd12a07ad",
      "name": "Send Contact",
      "type": "n8n-nodes-base.httpRequest",
      "typeVersion": 4.2,
      "position": [
        -420,
        440
      ]
    },
    {
      "parameters": {
        "method": "POST",
        "url": "={{ $('Variables').item.json.urlEvolutionApi.replace(/\\/$/, '') }}/message/sendReaction/{{$('Variables').item.json.nombreInstancia}}",
        "sendHeaders": true,
        "headerParameters": {
          "parameters": [
            {
              "name": "apikey",
              "value": "={{ $('Variables').item.json.apikeyGlobal }}"
            }
          ]
        },
        "sendBody": true,
        "bodyParameters": {
          "parameters": [
            {
              "name": "key",
              "value": "={{ \n{\n  \"remoteJid\": \"56926009324@s.whatsapp.net\",\n  \"fromMe\": true,\n  \"id\": \"3EB00D912943F596E330E36043FE211B69CFC29D\"\n}\n}}"
            },
            {
              "name": "reaction",
              "value": "⚽"
            }
          ]
        },
        "options": {}
      },
      "id": "57aeed7e-7b29-4a08-9e3d-d1d863ebdb2f",
      "name": "Send Reaction",
      "type": "n8n-nodes-base.httpRequest",
      "typeVersion": 4.2,
      "position": [
        -420,
        620
      ]
    },
    {
      "parameters": {
        "method": "POST",
        "url": "={{ $('Variables').item.json.urlEvolutionApi.replace(/\\/$/, '') }}/message/sendPoll/{{$('Variables').item.json.nombreInstancia}}",
        "sendHeaders": true,
        "headerParameters": {
          "parameters": [
            {
              "name": "apikey",
              "value": "={{ $('Variables').item.json.apikeyGlobal }}"
            }
          ]
        },
        "sendBody": true,
        "bodyParameters": {
          "parameters": [
            {
              "name": "number",
              "value": "={{ $('Variables').item.json.whatsappDestino }}"
            },
            {
              "name": "name",
              "value": "Esto es una encuesta de pruebas"
            },
            {
              "name": "selectableCount",
              "value": "={{ 3 }}"
            },
            {
              "name": "values",
              "value": "={{ \n[\n\"🐶 O cachorro mia\",\n\"😺 O gato late\",\n\"🐸 O sapo pia\"\n] \n}}"
            },
            {
              "name": "delay",
              "value": "={{ 1000 }}"
            },
            {
              "name": "quoted",
              "value": "={{ \n{\n  \"key\": {\n    \"remoteJid\": \"56982574761@s.whatsapp.net\",\n    \"fromMe\": false,\n    \"id\": \"7976EF7AF7DCB6E65D\"\n  },\n  \"pushName\": \"Ben\",\n  \"message\": {\n    \"extendedTextMessage\": {\n      \"text\": \"hhhhhh\",\n      \"contextInfo\": {\n        \"expiration\": 0,\n        \"ephemeralSettingTimestamp\": \"0\",\n        \"disappearingMode\": {\n          \"initiator\": \"CHANGED_IN_CHAT\"\n        }\n      }\n    },\n    \"messageContextInfo\": {\n      \"deviceListMetadata\": {\n        \"senderKeyHash\": \"WGJHyqZ2DhDNmA==\",\n        \"senderTimestamp\": \"1717854557\",\n        \"recipientKeyHash\": \"NIcJiC7QCVgbQQ==\",\n        \"recipientTimestamp\": \"1718306911\"\n      },\n      \"deviceListMetadataVersion\": 2\n    }\n  },\n  \"contextInfo\": {\n    \"expiration\": 0,\n    \"ephemeralSettingTimestamp\": \"0\",\n    \"disappearingMode\": {\n      \"initiator\": \"CHANGED_IN_CHAT\"\n    }\n  },\n  \"messageType\": \"extendedTextMessage\",\n  \"messageTimestamp\": 1718317624,\n  \"instanceId\": \"329c1fbd-58a9-4412-bfdd-81d639aa491a\",\n  \"source\": \"desktop\"\n}\n}}"
            },
            {
              "name": "mentionsEveryOne",
              "value": "={{ false }}"
            },
            {
              "name": "mentioned",
              "value": "={{ [$('Variables').item.json.whatsappDestino] }}"
            }
          ]
        },
        "options": {}
      },
      "id": "55eb7856-653b-4ebb-b484-8e618b908b60",
      "name": "Send Poll",
      "type": "n8n-nodes-base.httpRequest",
      "typeVersion": 4.2,
      "position": [
        -420,
        800
      ]
    },
    {
      "parameters": {
        "method": "POST",
        "url": "={{ $('Variables').item.json.urlEvolutionApi.replace(/\\/$/, '') }}/message/sendList/{{$('Variables').item.json.nombreInstancia}}",
        "sendHeaders": true,
        "headerParameters": {
          "parameters": [
            {
              "name": "apikey",
              "value": "={{ $('Variables').item.json.apikeyGlobal }}"
            }
          ]
        },
        "sendBody": true,
        "bodyParameters": {
          "parameters": [
            {
              "name": "number",
              "value": "={{ $('Variables').item.json.whatsappDestino }}"
            },
            {
              "name": "title",
              "value": "El título de la lista"
            },
            {
              "name": "description",
              "value": "La descripción de la lista"
            },
            {
              "name": "buttonText",
              "value": "El texto del botón"
            },
            {
              "name": "footerText",
              "value": "El texto del footer"
            },
            {
              "name": "sections",
              "value": "={{ [\n        {\n            \"title\": \"Row tilte 01\",\n            \"rows\": [\n                {\n                    \"title\": \"Title row 01\",\n                    \"description\": \"Lorem Ipsum is simply dummy text of the printing and typesetting industry. Lorem Ipsum has been the industry's standard dummy text ever since the 1500s,\",\n                    \"rowId\": \"rowId 001\"\n                },\n                {\n                    \"title\": \"Title row 02\",\n                    \"description\": \"Lorem Ipsum is simply dummy text of the printing and typesetting industry. Lorem Ipsum has been the industry's standard dummy text ever since the 1500s,\",\n                    \"rowId\": \"rowId 002\"\n                }\n            ]\n        },\n        {\n            \"title\": \"Row tilte 02\",\n            \"rows\": [\n                {\n                    \"title\": \"Title row 01\",\n                    \"description\": \"Lorem Ipsum is simply dummy text of the printing and typesetting industry. Lorem Ipsum has been the industry's standard dummy text ever since the 1500s,\",\n                    \"rowId\": \"rowId 001\"\n                },\n                {\n                    \"title\": \"Title row 02\",\n                    \"description\": \"Lorem Ipsum is simply dummy text of the printing and typesetting industry. Lorem Ipsum has been the industry's standard dummy text ever since the 1500s,\",\n                    \"rowId\": \"rowId 002\"\n                }\n            ]\n        }\n    ] }}"
            },
            {
              "name": "delay",
              "value": "={{ 1000 }}"
            },
            {
              "name": "quoted",
              "value": "={{ \n{\n  \"key\": {\n    \"remoteJid\": \"56982574761@s.whatsapp.net\",\n    \"fromMe\": false,\n    \"id\": \"7976EF7AF7DCB6E65D\"\n  },\n  \"pushName\": \"Ben\",\n  \"message\": {\n    \"extendedTextMessage\": {\n      \"text\": \"hhhhhh\",\n      \"contextInfo\": {\n        \"expiration\": 0,\n        \"ephemeralSettingTimestamp\": \"0\",\n        \"disappearingMode\": {\n          \"initiator\": \"CHANGED_IN_CHAT\"\n        }\n      }\n    },\n    \"messageContextInfo\": {\n      \"deviceListMetadata\": {\n        \"senderKeyHash\": \"WGJHyqZ2DhDNmA==\",\n        \"senderTimestamp\": \"1717854557\",\n        \"recipientKeyHash\": \"NIcJiC7QCVgbQQ==\",\n        \"recipientTimestamp\": \"1718306911\"\n      },\n      \"deviceListMetadataVersion\": 2\n    }\n  },\n  \"contextInfo\": {\n    \"expiration\": 0,\n    \"ephemeralSettingTimestamp\": \"0\",\n    \"disappearingMode\": {\n      \"initiator\": \"CHANGED_IN_CHAT\"\n    }\n  },\n  \"messageType\": \"extendedTextMessage\",\n  \"messageTimestamp\": 1718317624,\n  \"instanceId\": \"329c1fbd-58a9-4412-bfdd-81d639aa491a\",\n  \"source\": \"desktop\"\n}\n}}"
            },
            {
              "name": "mentionsEveryOne",
              "value": "={{ false }}"
            },
            {
              "name": "mentioned",
              "value": "={{ [$('Variables').item.json.whatsappDestino] }}"
            }
          ]
        },
        "options": {}
      },
      "id": "cfecb333-d376-4255-9917-84cf04d3d650",
      "name": "Send List",
      "type": "n8n-nodes-base.httpRequest",
      "typeVersion": 4.2,
      "position": [
        -420,
        980
      ]
    }
  ],
  "connections": {
    "When clicking ‘Test workflow’": {
      "main": [
        [
          {
            "node": "Variables",
            "type": "main",
            "index": 0
          }
        ]
      ]
    },
    "Variables": {
      "main": [
        [
          {
            "node": "Send Template",
            "type": "main",
            "index": 0
          },
          {
            "node": "Send Text",
            "type": "main",
            "index": 0
          },
          {
            "node": "Send Media",
            "type": "main",
            "index": 0
          },
          {
            "node": "Send Narrated Audio",
            "type": "main",
            "index": 0
          },
          {
            "node": "Send Status/Stories",
            "type": "main",
            "index": 0
          },
          {
            "node": "Send Sticker",
            "type": "main",
            "index": 0
          },
          {
            "node": "Send Location",
            "type": "main",
            "index": 0
          },
          {
            "node": "Send Contact",
            "type": "main",
            "index": 0
          },
          {
            "node": "Send Reaction",
            "type": "main",
            "index": 0
          },
          {
            "node": "Send Poll",
            "type": "main",
            "index": 0
          },
          {
            "node": "Send List",
            "type": "main",
            "index": 0
          }
        ]
      ]
    }
  },
  "settings": {
    "executionOrder": "v1"
  },
  "staticData": null,
  "meta": {
    "templateCredsSetupCompleted": true
  },
  "pinData": {},
  "versionId": "8877903c-6b52-43e8-9c3a-b1286f6951b7",
  "triggerCount": 0,
  "tags": [
    {
      "createdAt": "2025-01-10T03:15:56.867Z",
      "updatedAt": "2025-01-10T03:15:56.867Z",
      "id": "NHrRAp6Fl6KT3uZw",
      "name": "Evo_v2 🟩"
    },
    {
      "createdAt": "2025-03-05T04:30:41.105Z",
      "updatedAt": "2025-03-05T04:30:41.105Z",
      "id": "bDkyv5iCNS3NXL6N",
      "name": "@NATE HAKE AI AUTOMATION"
    }
  ]
}