{
  "createdAt": "2025-01-10T03:17:06.191Z",
  "updatedAt": "2025-01-11T17:57:28.000Z",
  "id": "FBNEKtN5padDNbPw",
  "name": "Text Classifier",
  "active": false,
  "isArchived": false,
  "nodes": [
    {
      "parameters": {
        "sessionIdType": "customKey",
        "sessionKey": "={{ $('Webhook').item.json.body.data.key.remoteJid }}"
      },
      "id": "e6b97958-f3ce-4078-acc3-6a1c334990fa",
      "name": "Window Buffer Memory",
      "type": "@n8n/n8n-nodes-langchain.memoryBufferWindow",
      "typeVersion": 1.2,
      "position": [
        260,
        320
      ]
    },
    {
      "parameters": {
        "jsCode": "function sanitizeJsonString(str) {\n    if (typeof str !== 'string') {\n        return str;\n    }\n    return str\n        .replace(/[\\u0000-\\u001F\\u007F-\\u009F]/g, '') // Elimina caracteres de control\n        .replace(/\\\\/g, '\\\\\\\\')  // Escapa las barras invertidas\n        .replace(/\"/g, '\\\\\"')    // Escapa las comillas dobles\n        .replace(/\\n+/g, '\\\\n')  // Convierte saltos de línea en \\n escapados\n        .replace(/\\\\n\\s+/g, '\\\\n')  // Elimina espacios extra después de cada \\n\n        .replace(/\\s+\\\\n/g, '\\\\n')  // Elimina espacios extra antes de cada \\n\n        .replace(/\\\\n\\\\n/g, '\\\\n')  // Reduce múltiples \\n consecutivos a uno solo\n        .trim();\n}\n\nfunction ensureValidJson(input) {\n    try {\n        // Si el input ya es un objeto, lo convertimos a string\n        const inputStr = typeof input === 'object' ? JSON.stringify(input) : input;\n        \n        // Intentamos parsear para verificar si es JSON válido\n        const parsed = JSON.parse(inputStr);\n        \n        // Procesamos recursivamente cada valor del objeto\n        if (typeof parsed === 'object' && parsed !== null) {\n            Object.keys(parsed).forEach(key => {\n                if (typeof parsed[key] === 'string') {\n                    parsed[key] = sanitizeJsonString(parsed[key]);\n                }\n            });\n        }\n        \n        return [{\n            json: parsed\n        }];\n    } catch (error) {\n        // Si hay un error, devolvemos un objeto JSON válido con el error\n        return [{\n            json: {\n                error: \"Invalid JSON input\",\n                originalInput: input\n            }\n        }];\n    }\n}\n\n// Uso en n8n:\nreturn ensureValidJson($json);"
      },
      "id": "b51523d5-4ed4-45bd-b4fa-5d0840da4340",
      "name": "Code",
      "type": "n8n-nodes-base.code",
      "typeVersion": 2,
      "position": [
        600,
        60
      ]
    },
    {
      "parameters": {
        "descriptionType": "manual",
        "toolDescription": "Consulta la disponibilidad del calendario",
        "operation": "getAll",
        "calendar": {
          "__rl": true,
          "value": "9a12fa38990877f95e61e73cb06781d35ed4658553d7f58ec407ab321c334487@group.calendar.google.com",
          "mode": "list",
          "cachedResultName": "CONECTATE"
        },
        "limit": 10,
        "options": {
          "timeMin": "={{ $now }}"
        }
      },
      "id": "0f3886bf-463f-4089-a74c-4f91b1ea1075",
      "name": "Google Calendar",
      "type": "n8n-nodes-base.googleCalendarTool",
      "typeVersion": 1.2,
      "position": [
        560,
        320
      ],
      "credentials": {
        "googleCalendarOAuth2Api": {
          "id": "X3q119JgNdhZLvhE",
          "name": "Google Calendar account"
        }
      }
    },
    {
      "parameters": {
        "options": {}
      },
      "id": "fb9bcb97-d939-4e4e-8cad-13f39d9f0b5f",
      "name": "OpenAI Chat Model",
      "type": "@n8n/n8n-nodes-langchain.lmChatOpenAi",
      "typeVersion": 1,
      "position": [
        100,
        320
      ],
      "credentials": {
        "openAiApi": {
          "id": "8v26h4rkro6bU5rn",
          "name": "OpenAi account"
        }
      }
    },
    {
      "parameters": {
        "descriptionType": "manual",
        "toolDescription": "Crea la cita en el calendario",
        "calendar": {
          "__rl": true,
          "value": "9a12fa38990877f95e61e73cb06781d35ed4658553d7f58ec407ab321c334487@group.calendar.google.com",
          "mode": "list",
          "cachedResultName": "CONECTATE"
        },
        "start": "={{ $fromAI(\"datetime_start\") }}",
        "end": "={{ $fromAI(\"datetime_end\") }}",
        "additionalFields": {
          "summary": "=Consultoría con: {{ $fromAI(\"name\") }}"
        }
      },
      "id": "e6e81954-e0c2-4516-8751-8285ba7489a5",
      "name": "Google Calendar1",
      "type": "n8n-nodes-base.googleCalendarTool",
      "typeVersion": 1.2,
      "position": [
        400,
        320
      ],
      "credentials": {
        "googleCalendarOAuth2Api": {
          "id": "X3q119JgNdhZLvhE",
          "name": "Google Calendar account"
        }
      }
    },
    {
      "parameters": {
        "method": "POST",
        "url": "https://sandobot-evolution.gizpoo.easypanel.host/message/sendText/VENTAS",
        "sendHeaders": true,
        "headerParameters": {
          "parameters": [
            {
              "name": "apikey",
              "value": "38DC7C1F0EFA-49D9-8B75-0355B9431EAC"
            }
          ]
        },
        "sendBody": true,
        "specifyBody": "=json",
        "bodyParameters": {
          "parameters": [
            {}
          ]
        },
        "jsonBody": "={\n    \"number\": \"{{ $('Webhook').item.json.body.data.key.remoteJid }}\",\n    \"text\": \"{{ $json.output }}\"\n}",
        "options": {}
      },
      "id": "fa7bc08c-2000-466b-bbbb-217a3fe1a940",
      "name": "Enviar texto",
      "type": "n8n-nodes-base.httpRequest",
      "typeVersion": 4.2,
      "position": [
        760,
        60
      ]
    },
    {
      "parameters": {
        "httpMethod": "POST",
        "path": "VentasBot",
        "options": {}
      },
      "id": "579613e8-2dd6-49d1-8d8d-d40f5b6b6bac",
      "name": "Webhook",
      "type": "n8n-nodes-base.webhook",
      "typeVersion": 2,
      "position": [
        -440,
        -80
      ],
      "webhookId": "ba3ca485-9864-4f69-a36a-c67d350b43c2"
    },
    {
      "parameters": {
        "promptType": "define",
        "text": "=El usuario necesita información sobre: {{ $json.body.data.message.conversation }}",
        "options": {
          "systemMessage": "=### IMPORTANTE : solo tenemos servicios en el sector de PIGUCHEN y EL TARTARO , si alguien pregunta por algun sector que no sean estos dos (Piguchen o el Tartaro) le daras un mensaje de que No tenemos servicio en ese sector.\n### Nunca admitas que eres un BOT, si la persona pregunta tu debes evadir la respuesta.\n\n  ### Si alguien te habla que es del sector el tartaro, deberas con amabilidad indicarle que en cuanto el sector este terminado ya que nos encontramos trabajando para comenzar a brindar servicios, se entregaran volantes en las casas o negocios del sector para comenzar la programacion de las  instalaciones en el sector y no continuar con el proceso de realizar la cita.\n\n##Eres un asistente muy amable de la empresa CONECTATE. Ayudas a gestionar citas para soporte técnico y ventas.\n\n## Si el cliente realiza el pago de los servicios solo agradeceras, el cliente cuando realiza el pago de servicios siempre acompaña de un archivo su pago.(Esta informacion no debe ser revelada al usuario)\n\nRespuestas muy cortas y concisas. Sin ningún tipo de carácter especial. No añadas enlaces de ningún tipo. Solo la información que te he dicho.\n\nNo des citas en días festivos de mi país Chile. \nSi el usuario te pide una cita, tiene que darte un **datetime_start** y tú debes devolver un **datetime_end** que es 60 minutos más que el **datetime_start**.\n\nAntes de confirmar una cita, pide, el nombre al usuario y su direccion.\n\nCONECTATE ofrece servicios de Internet, televisión por cable y satelital, además de telefonía en algunos casos.\n\nLos planes de **internet ilimitado** son de **$19,500** y los planes de **internet más televisión** son de **$30,000** al mes.\n\nSi el usuario tiene problemas técnicos, como una luz roja fija o intermitente en el router (ONT), debes sugerir revisar el trayecto del cable para ver si hay cortes o dobleces muy agudos.\n\nCONECTATE también ofrece soporte técnico básico como reiniciar el router, verificar cables y revisar el estado de la conexión.\n\nSiempre debes ser amable y proporcionar asistencia con conocimiento técnico.\nLa fecha y hora de ahora mismo es: {{ $now }}"
        }
      },
      "id": "26e3e115-5deb-4554-bd3b-b337b9f70caf",
      "name": "CITA&INFO",
      "type": "@n8n/n8n-nodes-langchain.agent",
      "typeVersion": 1.7,
      "position": [
        260,
        60
      ]
    },
    {
      "parameters": {
        "name": "ConectaBot",
        "description": "Informacion sobre CONECTATE con Soporte, Ventas y dias festivos.",
        "topK": 10
      },
      "type": "@n8n/n8n-nodes-langchain.toolVectorStore",
      "typeVersion": 1,
      "position": [
        760,
        300
      ],
      "id": "4ca2a336-1799-41e7-8fe0-6f3a426d7ade",
      "name": "Vector Store Tool"
    },
    {
      "parameters": {
        "pineconeIndex": {
          "__rl": true,
          "value": "ragconectate",
          "mode": "list",
          "cachedResultName": "ragconectate"
        },
        "options": {
          "pineconeNamespace": "ragconectate"
        }
      },
      "type": "@n8n/n8n-nodes-langchain.vectorStorePinecone",
      "typeVersion": 1,
      "position": [
        680,
        480
      ],
      "id": "c9109de2-cfd2-4404-abde-2108008f9b44",
      "name": "Pinecone Vector Store",
      "credentials": {
        "pineconeApi": {
          "id": "aI18hOpR90xnWHIO",
          "name": "PineconeApi account"
        }
      }
    },
    {
      "parameters": {
        "options": {}
      },
      "type": "@n8n/n8n-nodes-langchain.embeddingsOpenAi",
      "typeVersion": 1.1,
      "position": [
        660,
        660
      ],
      "id": "e074b4e0-40bc-4ae8-bb73-b52cbe085764",
      "name": "Embeddings OpenAI",
      "credentials": {
        "openAiApi": {
          "id": "8v26h4rkro6bU5rn",
          "name": "OpenAi account"
        }
      }
    },
    {
      "parameters": {
        "options": {}
      },
      "type": "@n8n/n8n-nodes-langchain.lmChatOpenAi",
      "typeVersion": 1,
      "position": [
        1000,
        420
      ],
      "id": "b3c62cec-8d0b-4fe3-aa85-0a20263d7bdc",
      "name": "OpenAI Chat Model1",
      "credentials": {
        "openAiApi": {
          "id": "8v26h4rkro6bU5rn",
          "name": "OpenAi account"
        }
      }
    },
    {
      "parameters": {
        "inputText": "={{ $json.body.data.message.conversation }}",
        "categories": {
          "categories": [
            {
              "category": "Soporte",
              "description": "cuando la persona solicita un soporte"
            },
            {
              "category": "Ventas",
              "description": "Cuando la persona desea adquir un servicio"
            },
            {
              "category": "Pago",
              "description": "Cuando el cliente solicite pagar o cancelar facturas , servicios , pagos recurrentes membresia etc."
            }
          ]
        },
        "options": {
          "fallback": "other",
          "systemPromptTemplate": "Instrucción General:\nEres un sistema de clasificación de texto diseñado para categorizar mensajes en cuatro categorías específicas: Soporte, Ventas, Pagos y Otros. A continuación, se detalla qué corresponde a cada categoría, seguido de ejemplos claros y específicos para que clasifiques correctamente cada mensaje.\n1. Soporte\n\nDescripción:\nIncluye mensajes relacionados con problemas técnicos, solicitudes de ayuda para resolver fallas, configuraciones de productos o servicios, y dudas operativas. Los mensajes suelen incluir palabras como \"error\", \"problema\", \"no funciona\", \"ayuda\", \"falla\".\n\nEjemplos:\n\n    \"Mi internet está muy lento, ¿cómo puedo solucionarlo?\"\n    \"No puedo acceder a mi cuenta, ¿me pueden ayudar?\"\n    \"El televisor no detecta la señal de cable, ¿qué puedo hacer?\"\n    \"El sistema arroja un error al intentar conectarme.\"\n\n2. Ventas\n\nDescripción:\nIncluye mensajes relacionados con consultas sobre precios, características de productos o servicios, promociones, disponibilidad, y solicitudes para comprar o contratar algo. Usualmente, estos mensajes contienen palabras como \"precio\", \"contratar\", \"promoción\", \"costo\", \"disponible\".\n\nEjemplos:\n\n    \"¿Cuánto cuesta el plan de televisión e internet?\"\n    \"¿Tienen alguna promoción para nuevos clientes?\"\n    \"Estoy interesado en contratar el paquete premium, ¿cómo lo hago?\"\n    \"¿Qué productos ofrecen para pequeñas empresas?\"\n\n3. Pagos\n\nDescripción:\nIncluye mensajes relacionados con facturación, métodos de pago, problemas con pagos, confirmaciones de pago, y cualquier consulta financiera asociada al servicio. Suelen incluir palabras como \"factura\", \"pago\", \"deuda\", \"saldo\", \"cobro\".\n\nEjemplos:\n\n    \"¿Cómo puedo pagar mi factura en línea?\"\n    \"Mi pago fue rechazado, ¿qué puedo hacer?\"\n    \"¿Pueden enviarme una copia de mi última factura?\"\n    \"¿Cuál es el saldo pendiente en mi cuenta?\"\n\n4. Otros\n\nDescripción:\nIncluye mensajes que no corresponden directamente a soporte, ventas o pagos. Esto puede abarcar comentarios generales, sugerencias, consultas no relacionadas, o mensajes irrelevantes. También se incluyen mensajes ambiguos o sin suficiente contexto para clasificarlos.\n\nEjemplos:\n\n    \"Me encanta su servicio, sigan así.\"\n    \"¿Dónde puedo encontrar información sobre eventos de la empresa?\"\n    \"Solo quería agradecerles por su excelente atención.\"\n    \"¿Qué tal está el clima en su ciudad?\"\n\nInstrucción Final:\nAl recibir un mensaje, analiza el contenido y clasifícalo estrictamente en una de las cuatro categorías mencionadas. Si un mensaje contiene información de más de una categoría, selecciona la que mejor represente la intención principal del mensaje.\nNota para el clasificador:\n\nSi no puedes determinar claramente la categoría, clasifícalo como \"Otros\" y menciona la ambigüedad."
        }
      },
      "type": "@n8n/n8n-nodes-langchain.textClassifier",
      "typeVersion": 1,
      "position": [
        -200,
        -120
      ],
      "id": "2441d034-e134-44d2-a6cd-9721a71e9d0a",
      "name": "Text Classifier"
    },
    {
      "parameters": {
        "options": {}
      },
      "type": "@n8n/n8n-nodes-langchain.lmChatOpenAi",
      "typeVersion": 1.1,
      "position": [
        -140,
        140
      ],
      "id": "af2a01c7-7f1c-4031-82e7-30e74a61f673",
      "name": "OpenAI Chat Model2",
      "credentials": {
        "openAiApi": {
          "id": "8v26h4rkro6bU5rn",
          "name": "OpenAi account"
        }
      }
    },
    {
      "parameters": {
        "method": "POST",
        "url": "https://sandobot-evolution.gizpoo.easypanel.host/message/sendMedia/VENTAS",
        "sendHeaders": true,
        "headerParameters": {
          "parameters": [
            {
              "name": "apikey",
              "value": "38DC7C1F0EFA-49D9-8B75-0355B9431EAC"
            }
          ]
        },
        "sendBody": true,
        "bodyParameters": {
          "parameters": [
            {
              "name": "number",
              "value": "56927669580"
            },
            {
              "name": "mediatype",
              "value": "image"
            },
            {
              "name": "mimetype",
              "value": "image/png"
            },
            {
              "name": "caption",
              "value": "Teste de caption"
            },
            {
              "name": "media",
              "value": "https://i.postimg.cc/tCGZ7rRq/website.jpg"
            },
            {
              "name": "fileName",
              "value": "Imagem.png"
            }
          ]
        },
        "options": {
          "redirect": {
            "redirect": {}
          }
        }
      },
      "type": "n8n-nodes-base.httpRequest",
      "typeVersion": 4.2,
      "position": [
        440,
        -620
      ],
      "id": "8df94e4c-1619-4fd5-8446-8bb6fe56dfe1",
      "name": "ENVIAR IMAGEN BASE64"
    },
    {
      "parameters": {
        "method": "POST",
        "url": "https://sandobot-evolution.gizpoo.easypanel.host/message/sendText/VENTAS",
        "sendHeaders": true,
        "headerParameters": {
          "parameters": [
            {
              "name": "apikey",
              "value": "38DC7C1F0EFA-49D9-8B75-0355B9431EAC"
            }
          ]
        },
        "sendBody": true,
        "bodyParameters": {
          "parameters": [
            {
              "name": "number",
              "value": "56927669580"
            },
            {
              "name": "text",
              "value": "cuentanos como te podemos ayudar en el dia de hoy?"
            },
            {
              "name": "mimetype",
              "value": "image/png"
            },
            {
              "name": "caption",
              "value": "Teste de caption"
            },
            {
              "name": "media",
              "value": "https://i.postimg.cc/tCGZ7rRq/website.jpg"
            },
            {
              "name": "fileName",
              "value": "Imagem.png"
            }
          ]
        },
        "options": {
          "redirect": {
            "redirect": {}
          }
        }
      },
      "type": "n8n-nodes-base.httpRequest",
      "typeVersion": 4.2,
      "position": [
        380,
        -920
      ],
      "id": "86c665dc-7988-4354-9324-acc5c973744c",
      "name": "SOPORTE"
    },
    {
      "parameters": {
        "mode": "insert"
      },
      "type": "@n8n/n8n-nodes-langchain.memoryManager",
      "typeVersion": 1.1,
      "position": [
        1000,
        -300
      ],
      "id": "df5800fc-a51a-46ea-8241-3ce5cb43a976",
      "name": "Chat Memory Manager"
    },
    {
      "parameters": {
        "method": "POST",
        "url": "https://sandobot-evolution.gizpoo.easypanel.host/message/sendText/VENTAS",
        "sendHeaders": true,
        "headerParameters": {
          "parameters": [
            {
              "name": "apikey",
              "value": "38DC7C1F0EFA-49D9-8B75-0355B9431EAC"
            }
          ]
        },
        "sendBody": true,
        "bodyParameters": {
          "parameters": [
            {
              "name": "number",
              "value": "56927669580"
            },
            {
              "name": "text",
              "value": "cuéntanos como te podemos ayudar en el dia de hoy?\n\n😎 Departamento de Cobros"
            },
            {
              "name": "mimetype",
              "value": "image/png"
            },
            {
              "name": "caption",
              "value": "Teste de caption"
            },
            {
              "name": "media",
              "value": "https://i.postimg.cc/tCGZ7rRq/website.jpg"
            },
            {
              "name": "fileName",
              "value": "Imagem.png"
            }
          ]
        },
        "options": {
          "redirect": {
            "redirect": {}
          }
        }
      },
      "type": "n8n-nodes-base.httpRequest",
      "typeVersion": 4.2,
      "position": [
        420,
        -320
      ],
      "id": "c25b85e4-3859-422c-8ca7-be4120855066",
      "name": "pagos"
    },
    {
      "parameters": {
        "jsCode": "function sanitizeJsonString(str) {\n    if (typeof str !== 'string') {\n        return str;\n    }\n    return str\n        .replace(/[\\u0000-\\u001F\\u007F-\\u009F]/g, '') // Elimina caracteres de control\n        .replace(/\\\\/g, '\\\\\\\\')  // Escapa las barras invertidas\n        .replace(/\"/g, '\\\\\"')    // Escapa las comillas dobles\n        .replace(/\\n+/g, '\\\\n')  // Convierte saltos de línea en \\n escapados\n        .replace(/\\\\n\\s+/g, '\\\\n')  // Elimina espacios extra después de cada \\n\n        .replace(/\\s+\\\\n/g, '\\\\n')  // Elimina espacios extra antes de cada \\n\n        .replace(/\\\\n\\\\n/g, '\\\\n')  // Reduce múltiples \\n consecutivos a uno solo\n        .trim();\n}\n\nfunction ensureValidJson(input) {\n    try {\n        // Si el input ya es un objeto, lo convertimos a string\n        const inputStr = typeof input === 'object' ? JSON.stringify(input) : input;\n        \n        // Intentamos parsear para verificar si es JSON válido\n        const parsed = JSON.parse(inputStr);\n        \n        // Procesamos recursivamente cada valor del objeto\n        if (typeof parsed === 'object' && parsed !== null) {\n            Object.keys(parsed).forEach(key => {\n                if (typeof parsed[key] === 'string') {\n                    parsed[key] = sanitizeJsonString(parsed[key]);\n                }\n            });\n        }\n        \n        return [{\n            json: parsed\n        }];\n    } catch (error) {\n        // Si hay un error, devolvemos un objeto JSON válido con el error\n        return [{\n            json: {\n                error: \"Invalid JSON input\",\n                originalInput: input\n            }\n        }];\n    }\n}\n\n// Uso en n8n:\nreturn ensureValidJson($json);"
      },
      "id": "4fd434b1-dd82-4b04-8711-abbb67ddfc74",
      "name": "Code1",
      "type": "n8n-nodes-base.code",
      "typeVersion": 2,
      "position": [
        580,
        -180
      ]
    },
    {
      "parameters": {
        "method": "POST",
        "url": "https://sandobot-evolution.gizpoo.easypanel.host/message/sendText/VENTAS",
        "sendHeaders": true,
        "headerParameters": {
          "parameters": [
            {
              "name": "apikey",
              "value": "38DC7C1F0EFA-49D9-8B75-0355B9431EAC"
            }
          ]
        },
        "sendBody": true,
        "specifyBody": "=json",
        "bodyParameters": {
          "parameters": [
            {}
          ]
        },
        "jsonBody": "={\n    \"number\": \"{{ $('Webhook').item.json.body.data.key.remoteJid }}\",\n    \"text\": \"Hola, acá tu puedes efectuar los pagos de los servicios. Recuerda que debes enviar una foto legible del voucher de pago en caja vecina o un pantallazo del telefono en caso de transferencia electrónica. Muchas Gracias 👍👍💰💲\"\n}",
        "options": {}
      },
      "id": "164c6365-c1a2-43f9-9565-d2d77168f981",
      "name": "Enviar texto1",
      "type": "n8n-nodes-base.httpRequest",
      "typeVersion": 4.2,
      "position": [
        760,
        -200
      ]
    },
    {
      "parameters": {
        "method": "POST",
        "url": "https://sandobot-evolution.gizpoo.easypanel.host/message/sendMedia/VENTAS",
        "sendHeaders": true,
        "headerParameters": {
          "parameters": [
            {
              "name": "apikey",
              "value": "38DC7C1F0EFA-49D9-8B75-0355B9431EAC"
            }
          ]
        },
        "sendBody": true,
        "bodyParameters": {
          "parameters": [
            {
              "name": "number",
              "value": "={{ $json.body.data.key.remoteJid }}"
            },
            {
              "name": "mediatype",
              "value": "image"
            },
            {
              "name": "mimetype",
              "value": "image/png"
            },
            {
              "name": "caption",
              "value": "Teste de caption"
            },
            {
              "name": "media",
              "value": "https://i.postimg.cc/tCGZ7rRq/website.jpg"
            },
            {
              "name": "fileName",
              "value": "Imagem.png"
            }
          ]
        },
        "options": {
          "redirect": {
            "redirect": {}
          }
        }
      },
      "type": "n8n-nodes-base.httpRequest",
      "typeVersion": 4.2,
      "position": [
        300,
        -120
      ],
      "id": "7aa6fe16-8e27-43ab-917a-97cc32edf4d1",
      "name": "ENVIAR IMAGEN BASE"
    }
  ],
  "connections": {
    "Window Buffer Memory": {
      "ai_memory": [
        [
          {
            "node": "CITA&INFO",
            "type": "ai_memory",
            "index": 0
          },
          {
            "node": "Chat Memory Manager",
            "type": "ai_memory",
            "index": 0
          }
        ]
      ]
    },
    "Code": {
      "main": [
        [
          {
            "node": "Enviar texto",
            "type": "main",
            "index": 0
          }
        ]
      ]
    },
    "Google Calendar": {
      "ai_tool": [
        [
          {
            "node": "CITA&INFO",
            "type": "ai_tool",
            "index": 0
          }
        ]
      ]
    },
    "OpenAI Chat Model": {
      "ai_languageModel": [
        [
          {
            "node": "CITA&INFO",
            "type": "ai_languageModel",
            "index": 0
          }
        ]
      ]
    },
    "Google Calendar1": {
      "ai_tool": [
        [
          {
            "node": "CITA&INFO",
            "type": "ai_tool",
            "index": 0
          }
        ]
      ]
    },
    "Webhook": {
      "main": [
        [
          {
            "node": "Text Classifier",
            "type": "main",
            "index": 0
          }
        ]
      ]
    },
    "CITA&INFO": {
      "main": [
        [
          {
            "node": "Code",
            "type": "main",
            "index": 0
          }
        ]
      ]
    },
    "Vector Store Tool": {
      "ai_tool": [
        [
          {
            "node": "CITA&INFO",
            "type": "ai_tool",
            "index": 0
          }
        ]
      ]
    },
    "Pinecone Vector Store": {
      "ai_vectorStore": [
        [
          {
            "node": "Vector Store Tool",
            "type": "ai_vectorStore",
            "index": 0
          }
        ]
      ]
    },
    "Embeddings OpenAI": {
      "ai_embedding": [
        [
          {
            "node": "Pinecone Vector Store",
            "type": "ai_embedding",
            "index": 0
          }
        ]
      ]
    },
    "OpenAI Chat Model1": {
      "ai_languageModel": [
        [
          {
            "node": "Vector Store Tool",
            "type": "ai_languageModel",
            "index": 0
          }
        ]
      ]
    },
    "OpenAI Chat Model2": {
      "ai_languageModel": [
        [
          {
            "node": "Text Classifier",
            "type": "ai_languageModel",
            "index": 0
          }
        ]
      ]
    },
    "Text Classifier": {
      "main": [
        [
          {
            "node": "SOPORTE",
            "type": "main",
            "index": 0
          }
        ],
        [
          {
            "node": "ENVIAR IMAGEN BASE64",
            "type": "main",
            "index": 0
          }
        ],
        [
          {
            "node": "ENVIAR IMAGEN BASE",
            "type": "main",
            "index": 0
          }
        ],
        [
          {
            "node": "CITA&INFO",
            "type": "main",
            "index": 0
          }
        ]
      ]
    },
    "Enviar texto": {
      "main": [
        [
          {
            "node": "Chat Memory Manager",
            "type": "main",
            "index": 0
          }
        ]
      ]
    },
    "SOPORTE": {
      "main": [
        [
          {
            "node": "Chat Memory Manager",
            "type": "main",
            "index": 0
          }
        ]
      ]
    },
    "ENVIAR IMAGEN BASE64": {
      "main": [
        [
          {
            "node": "Chat Memory Manager",
            "type": "main",
            "index": 0
          }
        ]
      ]
    },
    "pagos": {
      "main": [
        [
          {
            "node": "Chat Memory Manager",
            "type": "main",
            "index": 0
          }
        ]
      ]
    },
    "Chat Memory Manager": {
      "main": [
        []
      ]
    },
    "Code1": {
      "main": [
        [
          {
            "node": "Enviar texto1",
            "type": "main",
            "index": 0
          }
        ]
      ]
    },
    "Enviar texto1": {
      "main": [
        []
      ]
    }
  },
  "settings": {
    "executionOrder": "v1"
  },
  "staticData": null,
  "meta": null,
  "pinData": {
    "Webhook": [
      {
        "json": {
          "headers": {
            "host": "chile.toolcreation.online",
            "user-agent": "axios/1.7.7",
            "content-length": "982",
            "accept-encoding": "gzip, compress, deflate, br",
            "content-type": "application/json",
            "x-forwarded-for": "172.18.0.1",
            "x-forwarded-host": "chile.toolcreation.online",
            "x-forwarded-port": "443",
            "x-forwarded-proto": "https",
            "x-forwarded-server": "1785772a1deb",
            "x-real-ip": "172.18.0.1"
          },
          "params": {},
          "query": {},
          "body": {
            "event": "messages.upsert",
            "instance": "VENTAS",
            "data": {
              "key": {
                "remoteJid": "56994466295@s.whatsapp.net",
                "fromMe": false,
                "id": "3EB062391414A8E483D1AD"
              },
              "pushName": "Sndkn 🖤🏴",
              "status": "DELIVERY_ACK",
              "message": {
                "conversation": "quiero pagar",
                "messageContextInfo": {
                  "deviceListMetadata": {
                    "senderKeyHash": "51fCHz7oeef8LA==",
                    "senderTimestamp": "1736229143",
                    "senderAccountType": "E2EE",
                    "receiverAccountType": "E2EE",
                    "recipientKeyHash": "bzrjP+BkTbJ8dg==",
                    "recipientTimestamp": "1735687628"
                  },
                  "deviceListMetadataVersion": 2,
                  "messageSecret": "UzApxS/lMAsBbecb8Hwd5uWMOzL5dTxhb1L/b46XX1w="
                }
              },
              "messageType": "conversation",
              "messageTimestamp": 1736568456,
              "instanceId": "da91cce7-0ee9-4e00-8131-0ed5dc93567c",
              "source": "web"
            },
            "destination": "https://chile.toolcreation.online/webhook-test/VentasBot",
            "date_time": "2025-01-11T01:07:36.789Z",
            "sender": "56927669580@s.whatsapp.net",
            "server_url": "https://sandobot-evolution.gizpoo.easypanel.host",
            "apikey": "38DC7C1F0EFA-49D9-8B75-0355B9431EAC"
          },
          "webhookUrl": "https://chile.toolcreation.online/webhook-test/VentasBot",
          "executionMode": "test"
        }
      }
    ]
  },
  "versionId": "9194451c-f42f-4642-8da9-907753df460c",
  "triggerCount": 0,
  "tags": [
    {
      "createdAt": "2025-01-10T03:17:39.700Z",
      "updatedAt": "2025-01-10T03:17:39.700Z",
      "id": "vB5mwgEkBcQm70Cc",
      "name": "BlackPro"
    }
  ]
}