{
  "createdAt": "2025-02-18T04:34:20.553Z",
  "updatedAt": "2025-02-18T23:20:41.000Z",
  "id": "Gvhd20m06W8kP4un",
  "name": "MuestraCesfam",
  "active": false,
  "isArchived": false,
  "nodes": [
    {
      "parameters": {
        "sessionIdType": "customKey",
        "sessionKey": "={{ $('Webhook').item.json.body.data.key.remoteJid }}"
      },
      "id": "763ed793-cf2a-46ac-b5fb-6b45f52bac6e",
      "name": "Window Buffer Memory",
      "type": "@n8n/n8n-nodes-langchain.memoryBufferWindow",
      "typeVersion": 1.2,
      "position": [
        280,
        260
      ]
    },
    {
      "parameters": {
        "jsCode": "function sanitizeJsonString(str) {\n    if (typeof str !== 'string') {\n        return str;\n    }\n    return str\n        .replace(/[\\u0000-\\u001F\\u007F-\\u009F]/g, '') // Elimina caracteres de control\n        .replace(/\\\\/g, '\\\\\\\\')  // Escapa las barras invertidas\n        .replace(/\"/g, '\\\\\"')    // Escapa las comillas dobles\n        .replace(/\\n+/g, '\\\\n')  // Convierte saltos de línea en \\n escapados\n        .replace(/\\\\n\\s+/g, '\\\\n')  // Elimina espacios extra después de cada \\n\n        .replace(/\\s+\\\\n/g, '\\\\n')  // Elimina espacios extra antes de cada \\n\n        .replace(/\\\\n\\\\n/g, '\\\\n')  // Reduce múltiples \\n consecutivos a uno solo\n        .trim();\n}\n\nfunction ensureValidJson(input) {\n    try {\n        // Si el input ya es un objeto, lo convertimos a string\n        const inputStr = typeof input === 'object' ? JSON.stringify(input) : input;\n        \n        // Intentamos parsear para verificar si es JSON válido\n        const parsed = JSON.parse(inputStr);\n        \n        // Procesamos recursivamente cada valor del objeto\n        if (typeof parsed === 'object' && parsed !== null) {\n            Object.keys(parsed).forEach(key => {\n                if (typeof parsed[key] === 'string') {\n                    parsed[key] = sanitizeJsonString(parsed[key]);\n                }\n            });\n        }\n        \n        return [{\n            json: parsed\n        }];\n    } catch (error) {\n        // Si hay un error, devolvemos un objeto JSON válido con el error\n        return [{\n            json: {\n                error: \"Invalid JSON input\",\n                originalInput: input\n            }\n        }];\n    }\n}\n\n// Uso en n8n:\nreturn ensureValidJson($json);"
      },
      "id": "d91a46cd-700c-474e-8b41-809391956b14",
      "name": "Code",
      "type": "n8n-nodes-base.code",
      "typeVersion": 2,
      "position": [
        620,
        0
      ]
    },
    {
      "parameters": {
        "descriptionType": "manual",
        "toolDescription": "Consulta la disponibilidad del calendario",
        "operation": "getAll",
        "calendar": {
          "__rl": true,
          "value": "c812813d0c656d21b0303aa29c2e3e015f5e73542d2ab23f41c27b4f1953605b@group.calendar.google.com",
          "mode": "list",
          "cachedResultName": "DEMO CESFAM"
        },
        "limit": 10,
        "options": {
          "timeMin": "={{ $now }}"
        }
      },
      "id": "276c968f-7c82-491d-887e-1debe070d43f",
      "name": "Google Calendar",
      "type": "n8n-nodes-base.googleCalendarTool",
      "typeVersion": 1.2,
      "position": [
        580,
        260
      ],
      "credentials": {
        "googleCalendarOAuth2Api": {
          "id": "X3q119JgNdhZLvhE",
          "name": "Google Calendar account"
        }
      }
    },
    {
      "parameters": {
        "options": {}
      },
      "id": "ac19df2c-6686-4a56-9245-0f73cf9ccd02",
      "name": "OpenAI Chat Model",
      "type": "@n8n/n8n-nodes-langchain.lmChatOpenAi",
      "typeVersion": 1,
      "position": [
        120,
        260
      ],
      "credentials": {
        "openAiApi": {
          "id": "8v26h4rkro6bU5rn",
          "name": "OpenAi account"
        }
      }
    },
    {
      "parameters": {
        "descriptionType": "manual",
        "toolDescription": "Crea la cita en el calendario",
        "calendar": {
          "__rl": true,
          "value": "c812813d0c656d21b0303aa29c2e3e015f5e73542d2ab23f41c27b4f1953605b@group.calendar.google.com",
          "mode": "list",
          "cachedResultName": "DEMO CESFAM"
        },
        "start": "={{ $fromAI(\"datetime_start\") }}",
        "end": "={{ $fromAI(\"datetime_end\") }}",
        "additionalFields": {
          "summary": "=Citacion para : {{ $fromAI(\"name\") }}"
        }
      },
      "id": "88673745-7f8c-47c8-a938-ac4533917003",
      "name": "Google Calendar1",
      "type": "n8n-nodes-base.googleCalendarTool",
      "typeVersion": 1.2,
      "position": [
        420,
        260
      ],
      "credentials": {
        "googleCalendarOAuth2Api": {
          "id": "X3q119JgNdhZLvhE",
          "name": "Google Calendar account"
        }
      }
    },
    {
      "parameters": {
        "method": "POST",
        "url": "=https://sandobot-evolution.gizpoo.easypanel.host/message/sendText/DEMOCESFAM",
        "sendHeaders": true,
        "headerParameters": {
          "parameters": [
            {
              "name": "apikey",
              "value": "=D3983771329C-47B0-9F3D-70E89B4989CC"
            }
          ]
        },
        "sendBody": true,
        "specifyBody": "json",
        "jsonBody": "={\n    \"number\": \"{{ $('Webhook').item.json.body.data.key.remoteJid }}\",\n    \"text\": \"{{ $json.output }}\"\n}",
        "options": {}
      },
      "id": "9699899d-aa00-4f6a-ac3d-69ee0a29a000",
      "name": "Enviar texto",
      "type": "n8n-nodes-base.httpRequest",
      "typeVersion": 4.2,
      "position": [
        780,
        0
      ]
    },
    {
      "parameters": {
        "httpMethod": "POST",
        "path": "cesfam",
        "options": {}
      },
      "id": "a3d02b9f-5b52-43f3-9f46-d7e8d3e81622",
      "name": "Webhook",
      "type": "n8n-nodes-base.webhook",
      "typeVersion": 2,
      "position": [
        -60,
        20
      ],
      "webhookId": "76ea9d06-a421-4967-a759-24f31e509b9e"
    },
    {
      "parameters": {
        "promptType": "define",
        "text": "=El usuario necesita información sobre: {{ $json.body.data.message.conversation }}",
        "options": {
          "systemMessage": "=Eres un asistente virtual del CESFAM \"Valle Los Libertadores\", un centro de salud familiar en Chile. Tu propósito es asistir a los usuarios en la gestión de citas médicas y dentales, proporcionar información sobre horarios, servicios disponibles y derivaciones a centros de salud especializados. Responde siempre con claridad, amabilidad y precisión, asegurándote de que los pacientes obtengan la información correcta.\n\n🔹 Funcionalidades principales\n1️⃣ Agendamiento de citas\nEl bot podrá agendar citas médicas y dentales, considerando la disponibilidad de los profesionales en el CESFAM. Para esto:\n✅ Solicita al usuario los siguientes datos:\n\nNombre completo\nRUT\nFecha de nacimiento\nMotivo de la consulta (por ejemplo, chequeo general, control de niño sano, atención odontológica, etc.)\nFecha y hora preferida\n✅ Verifica disponibilidad y confirma la cita.\n✅ Si no hay disponibilidad, ofrece alternativas de fechas u horarios.\n✅ Envía un mensaje recordatorio con la cita agendada y permite la opción de cancelarla o reprogramarla.\n\n2️⃣ Información sobre horarios y contacto\nEl bot podrá responder preguntas sobre:\n✅ Horarios de atención:\n\nAtención general: Lunes a viernes, de 08:00 a 17:00 hrs.\nUrgencias en SAPU: Lunes a domingo, de 17:00 a 00:00 hrs.\nUrgencias en SAR: Atención 24/7.\n✅ Teléfonos de contacto:\n\nCESFAM: 6003607777\nSAPU/SAR: 131\nHospital más cercano: Hospital San Camilo, San Felipe.\n✅ Ubicación y cómo llegar:\n\nDirección: Avenida Alessandri 196, Putaendo.\nhttps://maps.app.goo.gl/YaTrJjXgB3QjZXXF9\nOpciones de transporte público cercanas.\n3️⃣ Servicios disponibles en el CESFAM\nEl bot informará sobre los servicios que ofrece el CESFAM, incluyendo:\n✅ Consultas médicas generales y controles\n✅ Atención dental (odontología preventiva y urgencias dentales)\n✅ Vacunación (influenza, COVID-19, etc.)\n✅ Controles de niño sano\n✅ Atención ginecológica y matrona (controles de embarazo, planificación familiar)\n✅ Programas de salud mental y psicología\n✅ Entrega de medicamentos y farmacia\n✅ Exámenes de laboratorio y toma de muestras\n\n4️⃣ Derivaciones y centros de especialidad\nEl bot podrá informar sobre derivaciones a centros de salud más especializados, indicando:\n✅ Cómo solicitar una interconsulta con un especialista.\n✅ Lista de hospitales o centros especializados cercanos.\n✅ Teléfonos y direcciones de hospitales y centros de referencia.\n✅ Procedimiento para acceder a atenciones en el sistema público (FONASA).\n\n5️⃣ Información sobre urgencias\nSi un usuario consulta por una urgencia, el bot debe responder con:\n✅ Dónde acudir en caso de urgencia médica o dental.\n✅ Cuándo acudir al SAPU/SAR en lugar de pedir una cita normal.\n✅ Teléfonos de ambulancia y emergencias:\n\nSAMU: 131\nBomberos: 132\nCarabineros: 133\n💬 Estilo de comunicación del bot\n✅ Usa un tono cercano, amable y profesional.\n✅ Responde con claridad y evita tecnicismos médicos complicados.\n✅ Entrega respuestas concisas, pero con toda la información esencial.\n✅ Siempre que sea posible, ofrece alternativas y soluciones a los usuarios.\n\nEjemplo de interacción con el usuario\n👤 Usuario: Hola, quiero agendar una cita médica.\n🤖 Bot: ¡Hola! 😊 Claro, puedo ayudarte con eso. Para continuar, por favor dime tu nombre completo y tu RUT.\n\n👤 Usuario: Me llamo Juan Pérez y mi RUT es 12.345.678-9.\n🤖 Bot: ¡Gracias, Juan! Ahora dime, ¿cuál es el motivo de tu consulta?\n\n👤 Usuario: Necesito un chequeo general.\n🤖 Bot: Perfecto. 📅 ¿Tienes alguna fecha y hora en la que prefieras tu cita?\n\n👤 Usuario: El jueves en la mañana.\n🤖 Bot: Revisando disponibilidad… ✅ ¡Listo! Tengo una hora disponible el jueves a las 09:30 hrs. en el CESFAM [NOMBRE]. ¿Confirmamos la cita?\n\n👤 Usuario: Sí, está bien.\n🤖 Bot: ¡Cita confirmada! 🎉 Te esperamos el jueves a las 09:30 hrs. en el CESFAM [NOMBRE]. Si necesitas cancelar o reprogramar, dime “Modificar mi cita” en cualquier momento. ¡Cuídate! 😊\n\n🔹 Respuestas a consultas frecuentes\n👤 Usuario: ¿Cuáles son los horarios de atención del CESFAM?\n🤖 Bot: Nuestro CESFAM atiende de lunes a viernes de 08:00 a 17:00 hrs. Si necesitas atención fuera de este horario, puedes acudir al SAPU de [DIRECCIÓN] hasta las 00:00 hrs. o al SAR más cercano, que atiende 24/7.\n\n👤 Usuario: ¿Cómo puedo inscribirme en el CESFAM?\n🤖 Bot: Para inscribirte en nuestro CESFAM, debes presentar los siguientes documentos en recepción:\n✅ Cédula de identidad o documento de identificación.\n✅ Comprobante de domicilio (boleta de servicio, contrato de arriendo, etc.).\n✅ En caso de menores de edad, certificado de nacimiento.\nSi cumples con los requisitos, te asignarán un médico y podrás acceder a nuestros servicios.\n\n👤 Usuario: Tengo una urgencia médica, ¿qué hago?\n🤖 Bot: Si tu urgencia es leve, puedes acudir al CESFAM en horario de atención. Para urgencias fuera de horario, dirígete al SAPU más cercano hasta las 00:00 hrs. o al SAR, que atiende 24/7.\n📞 Para emergencias graves, llama al SAMU 131 o acude al hospital más cercano.\n\n👤 Usuario: Necesito atención dental urgente.\n🤖 Bot: ¡Entiendo! 😷 Para urgencias dentales, acude al CESFAM en horario de atención. Si es fuera de horario, puedes dirigirte al SAPU dental más cercano.\n\n📌 Consideraciones técnicas\n🔹 El bot debe poder integrarse con el sistema de gestión de citas del CESFAM.\n🔹 Debe reconocer variaciones en las preguntas y responder correctamente.\n🔹 Puede ofrecer enlaces directos para llamadas o mapas según la consulta.\n\nLa fecha y hora actuales son: {{ $now }}\nHoy es {{ $today.format('yyyy-MM-dd') }}\nResponde siempre en la zona horaria de Santiago, Chile.\n"
        }
      },
      "id": "df272919-943b-4e73-b5b4-d868612baba0",
      "name": "CITA&INFO",
      "type": "@n8n/n8n-nodes-langchain.agent",
      "typeVersion": 1.7,
      "position": [
        280,
        0
      ]
    },
    {
      "parameters": {
        "name": "ConectaBot",
        "description": "Informacion sobre CONECTATE con Soporte, Ventas y dias festivos.",
        "topK": 10
      },
      "type": "@n8n/n8n-nodes-langchain.toolVectorStore",
      "typeVersion": 1,
      "position": [
        780,
        240
      ],
      "id": "297ba8b0-8492-4be9-ad72-31c7a3464d21",
      "name": "Vector Store Tool"
    },
    {
      "parameters": {
        "pineconeIndex": {
          "__rl": true,
          "value": "ragconectate",
          "mode": "list",
          "cachedResultName": "ragconectate"
        },
        "options": {
          "pineconeNamespace": "ragconectate"
        }
      },
      "type": "@n8n/n8n-nodes-langchain.vectorStorePinecone",
      "typeVersion": 1,
      "position": [
        700,
        420
      ],
      "id": "e69029fd-030f-488e-b909-fa86ff762b23",
      "name": "Pinecone Vector Store",
      "credentials": {
        "pineconeApi": {
          "id": "aI18hOpR90xnWHIO",
          "name": "PineconeApi account"
        }
      }
    },
    {
      "parameters": {
        "options": {}
      },
      "type": "@n8n/n8n-nodes-langchain.embeddingsOpenAi",
      "typeVersion": 1.1,
      "position": [
        680,
        600
      ],
      "id": "6498299d-5917-4bea-850a-adeb1850c96a",
      "name": "Embeddings OpenAI",
      "credentials": {
        "openAiApi": {
          "id": "8v26h4rkro6bU5rn",
          "name": "OpenAi account"
        }
      }
    },
    {
      "parameters": {
        "options": {}
      },
      "type": "@n8n/n8n-nodes-langchain.lmChatOpenAi",
      "typeVersion": 1,
      "position": [
        1020,
        360
      ],
      "id": "1f2db305-54a6-4789-ba37-4da657bcd2c1",
      "name": "OpenAI Chat Model1",
      "credentials": {
        "openAiApi": {
          "id": "8v26h4rkro6bU5rn",
          "name": "OpenAi account"
        }
      }
    }
  ],
  "connections": {
    "Window Buffer Memory": {
      "ai_memory": [
        [
          {
            "node": "CITA&INFO",
            "type": "ai_memory",
            "index": 0
          }
        ]
      ]
    },
    "Code": {
      "main": [
        [
          {
            "node": "Enviar texto",
            "type": "main",
            "index": 0
          }
        ]
      ]
    },
    "Google Calendar": {
      "ai_tool": [
        [
          {
            "node": "CITA&INFO",
            "type": "ai_tool",
            "index": 0
          }
        ]
      ]
    },
    "OpenAI Chat Model": {
      "ai_languageModel": [
        [
          {
            "node": "CITA&INFO",
            "type": "ai_languageModel",
            "index": 0
          }
        ]
      ]
    },
    "Google Calendar1": {
      "ai_tool": [
        [
          {
            "node": "CITA&INFO",
            "type": "ai_tool",
            "index": 0
          }
        ]
      ]
    },
    "Enviar texto": {
      "main": [
        []
      ]
    },
    "Webhook": {
      "main": [
        [
          {
            "node": "CITA&INFO",
            "type": "main",
            "index": 0
          }
        ]
      ]
    },
    "CITA&INFO": {
      "main": [
        [
          {
            "node": "Code",
            "type": "main",
            "index": 0
          }
        ]
      ]
    },
    "Vector Store Tool": {
      "ai_tool": [
        [
          {
            "node": "CITA&INFO",
            "type": "ai_tool",
            "index": 0
          }
        ]
      ]
    },
    "Pinecone Vector Store": {
      "ai_vectorStore": [
        [
          {
            "node": "Vector Store Tool",
            "type": "ai_vectorStore",
            "index": 0
          }
        ]
      ]
    },
    "Embeddings OpenAI": {
      "ai_embedding": [
        [
          {
            "node": "Pinecone Vector Store",
            "type": "ai_embedding",
            "index": 0
          }
        ]
      ]
    },
    "OpenAI Chat Model1": {
      "ai_languageModel": [
        [
          {
            "node": "Vector Store Tool",
            "type": "ai_languageModel",
            "index": 0
          }
        ]
      ]
    }
  },
  "settings": {
    "executionOrder": "v1"
  },
  "staticData": null,
  "meta": null,
  "pinData": {},
  "versionId": "428604aa-076a-4f6d-9a2d-ddd7d25c7a27",
  "triggerCount": 1,
  "tags": []
}