{
  "createdAt": "2025-04-18T03:57:00.272Z",
  "updatedAt": "2025-04-18T04:16:41.000Z",
  "id": "jl9ltLho2ANGCFOf",
  "name": "Incubadora 03 MCP",
  "active": false,
  "isArchived": false,
  "nodes": [
    {
      "parameters": {
        "options": {}
      },
      "type": "@n8n/n8n-nodes-langchain.chatTrigger",
      "typeVersion": 1.1,
      "position": [
        -480,
        -60
      ],
      "id": "430b7eaf-ae09-411e-961b-afb4dd2afa73",
      "name": "When chat message received",
      "webhookId": "a8545ac2-f098-4b9a-8dca-bcdee39b3152"
    },
    {
      "parameters": {
        "options": {}
      },
      "type": "@n8n/n8n-nodes-langchain.agent",
      "typeVersion": 1.8,
      "position": [
        -260,
        -60
      ],
      "id": "7bf0708c-1177-4aab-bb51-923bb06acc40",
      "name": "AI Agent"
    },
    {
      "parameters": {
        "options": {}
      },
      "type": "@n8n/n8n-nodes-langchain.lmChatDeepSeek",
      "typeVersion": 1,
      "position": [
        -280,
        140
      ],
      "id": "ee720c5d-bab6-4ee7-82fd-74b22ee81558",
      "name": "DeepSeek Chat Model",
      "credentials": {
        "deepSeekApi": {
          "id": "KZ9x5ec7tsxDNeJk",
          "name": "DeepSeek account"
        }
      }
    },
    {
      "parameters": {},
      "type": "@n8n/n8n-nodes-langchain.memoryBufferWindow",
      "typeVersion": 1.3,
      "position": [
        -160,
        160
      ],
      "id": "f0fc1b68-bf3e-47cd-a8b7-4ee332959b93",
      "name": "Simple Memory"
    }
  ],
  "connections": {
    "When chat message received": {
      "main": [
        [
          {
            "node": "AI Agent",
            "type": "main",
            "index": 0
          }
        ]
      ]
    },
    "DeepSeek Chat Model": {
      "ai_languageModel": [
        [
          {
            "node": "AI Agent",
            "type": "ai_languageModel",
            "index": 0
          }
        ]
      ]
    },
    "Simple Memory": {
      "ai_memory": [
        [
          {
            "node": "AI Agent",
            "type": "ai_memory",
            "index": 0
          }
        ]
      ]
    }
  },
  "settings": {
    "executionOrder": "v1"
  },
  "staticData": null,
  "meta": {
    "templateCredsSetupCompleted": true
  },
  "pinData": {},
  "versionId": "39d3b082-9649-4ed2-b59c-ba9cc58baaab",
  "triggerCount": 0,
  "tags": []
}