{
  "createdAt": "2025-03-05T02:02:39.793Z",
  "updatedAt": "2025-03-10T02:32:25.000Z",
  "id": "JnyUJlO0lbUsUXac",
  "name": "RAGCTT",
  "active": false,
  "isArchived": false,
  "nodes": [
    {
      "parameters": {
        "pollTimes": {
          "item": [
            {
              "mode": "everyMinute"
            }
          ]
        },
        "triggerOn": "specificFolder",
        "folderToWatch": {
          "__rl": true,
          "value": "1WoEG75CxNqjsIjcOwrJ3xp0A6RFHga8T",
          "mode": "list",
          "cachedResultName": "RAG-CONECTATE",
          "cachedResultUrl": "https://drive.google.com/drive/folders/1WoEG75CxNqjsIjcOwrJ3xp0A6RFHga8T"
        },
        "event": "fileCreated",
        "options": {}
      },
      "type": "n8n-nodes-base.googleDriveTrigger",
      "typeVersion": 1,
      "position": [
        0,
        0
      ],
      "id": "74cb0051-fbb5-4727-83d6-b21cde9dd9ba",
      "name": "Google Drive Trigger",
      "credentials": {
        "googleDriveOAuth2Api": {
          "id": "xy6S94GBoIr9yIzV",
          "name": "Google Drive account"
        }
      }
    },
    {
      "parameters": {
        "operation": "download",
        "fileId": {
          "__rl": true,
          "value": "={{ $json.id }}",
          "mode": "id"
        },
        "options": {}
      },
      "type": "n8n-nodes-base.googleDrive",
      "typeVersion": 3,
      "position": [
        220,
        0
      ],
      "id": "7712e860-39e9-4862-adfe-4aa3f56bc6fa",
      "name": "Google Drive",
      "credentials": {
        "googleDriveOAuth2Api": {
          "id": "xy6S94GBoIr9yIzV",
          "name": "Google Drive account"
        }
      }
    },
    {
      "parameters": {
        "mode": "insert",
        "pineconeIndex": {
          "__rl": true,
          "value": "ragconectate",
          "mode": "list",
          "cachedResultName": "ragconectate"
        },
        "options": {
          "pineconeNamespace": "RAG_CONECTATE"
        }
      },
      "type": "@n8n/n8n-nodes-langchain.vectorStorePinecone",
      "typeVersion": 1,
      "position": [
        440,
        0
      ],
      "id": "2cba40f5-abe9-42af-b28b-9deea62c98ec",
      "name": "Pinecone Vector Store",
      "credentials": {
        "pineconeApi": {
          "id": "aI18hOpR90xnWHIO",
          "name": "PineconeApi account"
        }
      }
    },
    {
      "parameters": {
        "options": {}
      },
      "type": "@n8n/n8n-nodes-langchain.embeddingsOpenAi",
      "typeVersion": 1.2,
      "position": [
        360,
        200
      ],
      "id": "d76333e1-cb05-41e0-b4fc-9aa8e24121d7",
      "name": "Embeddings OpenAI",
      "credentials": {
        "openAiApi": {
          "id": "8v26h4rkro6bU5rn",
          "name": "OpenAi account"
        }
      }
    },
    {
      "parameters": {
        "dataType": "binary",
        "options": {
          "metadata": {
            "metadataValues": [
              {
                "name": "file",
                "value": "={{ $json.name }}"
              }
            ]
          }
        }
      },
      "type": "@n8n/n8n-nodes-langchain.documentDefaultDataLoader",
      "typeVersion": 1,
      "position": [
        580,
        220
      ],
      "id": "1ddd05ac-e4f8-4422-8250-444634548749",
      "name": "Default Data Loader"
    },
    {
      "parameters": {
        "chunkSize": 500,
        "chunkOverlap": 20,
        "options": {}
      },
      "type": "@n8n/n8n-nodes-langchain.textSplitterRecursiveCharacterTextSplitter",
      "typeVersion": 1,
      "position": [
        680,
        440
      ],
      "id": "d1dfd887-b8ac-4e6a-8272-2cbe61c2634b",
      "name": "Recursive Character Text Splitter"
    }
  ],
  "connections": {
    "Google Drive Trigger": {
      "main": [
        [
          {
            "node": "Google Drive",
            "type": "main",
            "index": 0
          }
        ]
      ]
    },
    "Google Drive": {
      "main": [
        [
          {
            "node": "Pinecone Vector Store",
            "type": "main",
            "index": 0
          }
        ]
      ]
    },
    "Embeddings OpenAI": {
      "ai_embedding": [
        [
          {
            "node": "Pinecone Vector Store",
            "type": "ai_embedding",
            "index": 0
          }
        ]
      ]
    },
    "Default Data Loader": {
      "ai_document": [
        [
          {
            "node": "Pinecone Vector Store",
            "type": "ai_document",
            "index": 0
          }
        ]
      ]
    },
    "Recursive Character Text Splitter": {
      "ai_textSplitter": [
        [
          {
            "node": "Default Data Loader",
            "type": "ai_textSplitter",
            "index": 0
          }
        ]
      ]
    }
  },
  "settings": {
    "executionOrder": "v1"
  },
  "staticData": null,
  "meta": {
    "templateCredsSetupCompleted": true
  },
  "pinData": {},
  "versionId": "36f1725c-256d-47f9-9144-04e51874cb85",
  "triggerCount": 0,
  "tags": []
}