{
  "createdAt": "2025-03-18T22:11:08.611Z",
  "updatedAt": "2025-03-19T01:18:30.000Z",
  "id": "KZnX3UXNPUQ6I0cN",
  "name": "Listas",
  "active": false,
  "isArchived": false,
  "nodes": [
    {
      "parameters": {
        "method": "POST",
        "url": "https://sandobot-evolution.gizpoo.easypanel.host/message/sendList/INCUBADORA",
        "sendHeaders": true,
        "headerParameters": {
          "parameters": [
            {
              "name": "apikey",
              "value": "={{ $json.Apikey }}"
            }
          ]
        },
        "sendBody": true,
        "specifyBody": "json",
        "jsonBody": "{\n  \"number\": \"56994466295\",\n  \"title\": \"📜Menus de Comida\",\n  \"description\": \"Aqui encontraras platos TOP\",\n  \"buttonText\": \"👉Haz Click Aqui\",\n  \"footerText\": \"Visita nuestras web:\\nhttps://www.comida.com\",\n  \"sections\": [\n    {\n      \"title\": \"Comida Rapida\",\n      \"rows\": [\n        {\n          \"title\": \"Title row 01\",\n          \"description\": \"Lorem Ipsum is simply dummy text of the printing and typesetting industry. Lorem Ipsum has been the industry's standard dummy text ever since the 1500s,\",\n          \"rowId\": \"rowId 001\"\n        },\n        {\n          \"title\": \"Refresco\",\n          \"description\": \"Lorem Ipsum is simply dummy text of the printing and typesetting industry. Lorem Ipsum has been the industry's standard dummy text ever since the 1500s,\",\n          \"rowId\": \"rowId 002\"\n        }\n      ]\n    },\n    {\n      \"title\": \"Productos de Limpieza\",\n      \"rows\": [\n        {\n          \"title\": \"Title row 01\",\n          \"description\": \"Lorem Ipsum is simply dummy text of the printing and typesetting industry. Lorem Ipsum has been the industry's standard dummy text ever since the 1500s,\",\n          \"rowId\": \"rowId 001\"\n        },\n        {\n          \"title\": \"General\",\n          \"description\": \"Lorem Ipsum is simply dummy text of the printing and typesetting industry. Lorem Ipsum has been the industry's standard dummy text ever since the 1500s,\",\n          \"rowId\": \"rowId 002\"\n        }\n      ]\n    }\n  ]\n}",
        "options": {
          "redirect": {
            "redirect": {}
          }
        }
      },
      "type": "n8n-nodes-base.httpRequest",
      "typeVersion": 4.2,
      "position": [
        260,
        -260
      ],
      "id": "3f506021-b886-4dc1-9be7-397f37e77f11",
      "name": "HTTP Request"
    },
    {
      "parameters": {
        "httpMethod": "POST",
        "path": "incubadora",
        "options": {}
      },
      "type": "n8n-nodes-base.webhook",
      "typeVersion": 2,
      "position": [
        -160,
        -340
      ],
      "id": "5ab5bd19-608b-424f-9f49-b50c9fd64329",
      "name": "Webhook",
      "webhookId": "fd7194d1-4b22-4555-acd0-65513a4e3e10"
    },
    {
      "parameters": {
        "assignments": {
          "assignments": [
            {
              "id": "abcc906c-08d2-4b2a-a044-dd855b49eb3c",
              "name": "Apikey",
              "value": "=06868168B882-4CF2-9312-F0EE81FA23F1",
              "type": "string"
            }
          ]
        },
        "options": {}
      },
      "type": "n8n-nodes-base.set",
      "typeVersion": 3.4,
      "position": [
        60,
        -340
      ],
      "id": "27e59352-4cfe-4c56-a04b-7826946d23ce",
      "name": "variables"
    }
  ],
  "connections": {
    "Webhook": {
      "main": [
        [
          {
            "node": "variables",
            "type": "main",
            "index": 0
          }
        ]
      ]
    },
    "variables": {
      "main": [
        [
          {
            "node": "HTTP Request",
            "type": "main",
            "index": 0
          }
        ]
      ]
    }
  },
  "settings": {
    "executionOrder": "v1"
  },
  "staticData": null,
  "meta": null,
  "pinData": {
    "Webhook": [
      {
        "json": {
          "headers": {
            "host": "chile.toolcreation.online",
            "user-agent": "axios/1.7.7",
            "content-length": "961",
            "accept-encoding": "gzip, compress, deflate, br",
            "content-type": "application/json",
            "x-forwarded-for": "172.18.0.1",
            "x-forwarded-host": "chile.toolcreation.online",
            "x-forwarded-port": "443",
            "x-forwarded-proto": "https",
            "x-forwarded-server": "675248de32ee",
            "x-real-ip": "172.18.0.1"
          },
          "params": {},
          "query": {},
          "body": {
            "event": "messages.upsert",
            "instance": "INCUBADORA",
            "data": {
              "key": {
                "remoteJid": "56994466295@s.whatsapp.net",
                "fromMe": false,
                "id": "3EB041E90F001E4E08FFFC"
              },
              "pushName": "Sndkn 🖤🏴",
              "status": "DELIVERY_ACK",
              "message": {
                "conversation": "test",
                "messageContextInfo": {
                  "deviceListMetadata": {
                    "senderKeyHash": "qPNl+CvfR6Y9vw==",
                    "senderTimestamp": "1741245249",
                    "senderAccountType": "E2EE",
                    "receiverAccountType": "E2EE",
                    "recipientKeyHash": "gwZ/rlmf4CNlzg==",
                    "recipientTimestamp": "1741928964"
                  },
                  "deviceListMetadataVersion": 2,
                  "messageSecret": "/xtpe/A3R3mwCqEXCMsgNZ4gHbKWUQSv1gvV7Qni9cE="
                }
              },
              "messageType": "conversation",
              "messageTimestamp": 1742336571,
              "instanceId": "48b0341b-e38e-4fca-89dd-926be6bb26ae",
              "source": "web"
            },
            "destination": "https://chile.toolcreation.online/webhook-test/incubadora",
            "date_time": "2025-03-18T19:22:51.970Z",
            "sender": "56927669580@s.whatsapp.net",
            "server_url": "https://sandobot-evolution.gizpoo.easypanel.host",
            "apikey": "06868168B882-4CF2-9312-F0EE81FA23F1"
          },
          "webhookUrl": "https://chile.toolcreation.online/webhook-test/incubadora",
          "executionMode": "test"
        }
      }
    ]
  },
  "versionId": "12fbdbcd-6f14-4298-b323-bb7ef1b06ca3",
  "triggerCount": 0,
  "tags": []
}