{
  "createdAt": "2025-01-14T03:48:35.356Z",
  "updatedAt": "2025-01-14T03:50:28.000Z",
  "id": "Li5B7pmkQPoK3OXW",
  "name": "My workflow",
  "active": false,
  "isArchived": false,
  "nodes": [
    {
      "parameters": {
        "pollTimes": {
          "item": [
            {
              "mode": "everyMinute"
            }
          ]
        },
        "triggerOn": "specificFolder",
        "folderToWatch": {
          "__rl": true,
          "value": "1WoEG75CxNqjsIjcOwrJ3xp0A6RFHga8T",
          "mode": "list",
          "cachedResultName": "RAG-CONECTATE",
          "cachedResultUrl": "https://drive.google.com/drive/folders/1WoEG75CxNqjsIjcOwrJ3xp0A6RFHga8T"
        },
        "event": "fileCreated",
        "options": {}
      },
      "type": "n8n-nodes-base.googleDriveTrigger",
      "typeVersion": 1,
      "position": [
        -480,
        -60
      ],
      "id": "ad1133d4-3c6c-41eb-a6f0-3e9006f345c3",
      "name": "Google Drive Trigger",
      "credentials": {
        "googleDriveOAuth2Api": {
          "id": "xy6S94GBoIr9yIzV",
          "name": "Google Drive account"
        }
      }
    },
    {
      "parameters": {
        "operation": "download",
        "fileId": {
          "__rl": true,
          "value": "={{$json.id}}",
          "mode": "id"
        },
        "options": {}
      },
      "type": "n8n-nodes-base.googleDrive",
      "typeVersion": 3,
      "position": [
        -260,
        -60
      ],
      "id": "a497e2f6-2c22-4227-916e-367382f55c5c",
      "name": "Google Drive",
      "credentials": {
        "googleDriveOAuth2Api": {
          "id": "xy6S94GBoIr9yIzV",
          "name": "Google Drive account"
        }
      }
    },
    {
      "parameters": {
        "mode": "insert",
        "pineconeIndex": {
          "__rl": true,
          "value": "ragconectate",
          "mode": "list",
          "cachedResultName": "ragconectate"
        },
        "options": {
          "pineconeNamespace": "ragconectate"
        }
      },
      "type": "@n8n/n8n-nodes-langchain.vectorStorePinecone",
      "typeVersion": 1,
      "position": [
        20,
        -180
      ],
      "id": "90ba50f6-9baa-45d7-aa88-73672809ca2e",
      "name": "Pinecone Vector Store",
      "credentials": {
        "pineconeApi": {
          "id": "aI18hOpR90xnWHIO",
          "name": "PineconeApi account"
        }
      }
    },
    {
      "parameters": {
        "options": {}
      },
      "type": "@n8n/n8n-nodes-langchain.embeddingsOpenAi",
      "typeVersion": 1.1,
      "position": [
        60,
        0
      ],
      "id": "c4cea597-d9e5-4f05-a2e4-20bbf916fe5e",
      "name": "Embeddings OpenAI",
      "credentials": {
        "openAiApi": {
          "id": "8v26h4rkro6bU5rn",
          "name": "OpenAi account"
        }
      }
    },
    {
      "parameters": {
        "dataType": "binary",
        "options": {
          "metadata": {
            "metadataValues": [
              {
                "name": "file",
                "value": "{{ $json.name }}"
              }
            ]
          }
        }
      },
      "type": "@n8n/n8n-nodes-langchain.documentDefaultDataLoader",
      "typeVersion": 1,
      "position": [
        260,
        40
      ],
      "id": "306af962-4e55-45a5-b7e8-6c9ba6b506c0",
      "name": "Default Data Loader"
    },
    {
      "parameters": {
        "chunkSize": 500,
        "chunkOverlap": 20,
        "options": {}
      },
      "type": "@n8n/n8n-nodes-langchain.textSplitterRecursiveCharacterTextSplitter",
      "typeVersion": 1,
      "position": [
        340,
        240
      ],
      "id": "9f04ab8c-8533-47ca-86a1-30ab0e2ae8bf",
      "name": "Recursive Character Text Splitter"
    }
  ],
  "connections": {
    "Google Drive Trigger": {
      "main": [
        [
          {
            "node": "Google Drive",
            "type": "main",
            "index": 0
          }
        ]
      ]
    },
    "Google Drive": {
      "main": [
        [
          {
            "node": "Pinecone Vector Store",
            "type": "main",
            "index": 0
          }
        ]
      ]
    },
    "Embeddings OpenAI": {
      "ai_embedding": [
        [
          {
            "node": "Pinecone Vector Store",
            "type": "ai_embedding",
            "index": 0
          }
        ]
      ]
    },
    "Default Data Loader": {
      "ai_document": [
        [
          {
            "node": "Pinecone Vector Store",
            "type": "ai_document",
            "index": 0
          }
        ]
      ]
    },
    "Recursive Character Text Splitter": {
      "ai_textSplitter": [
        [
          {
            "node": "Default Data Loader",
            "type": "ai_textSplitter",
            "index": 0
          }
        ]
      ]
    }
  },
  "settings": {
    "executionOrder": "v1"
  },
  "staticData": null,
  "meta": null,
  "pinData": {},
  "versionId": "0f84f76a-0eb5-4c34-b82b-3fe2002ccda4",
  "triggerCount": 0,
  "tags": []
}