{
  "createdAt": "2025-02-27T14:25:20.392Z",
  "updatedAt": "2025-02-27T15:50:09.000Z",
  "id": "NQHuTSAdDgcaAtAf",
  "name": "OFERTAS",
  "active": false,
  "isArchived": false,
  "nodes": [
    {
      "parameters": {
        "options": {}
      },
      "type": "n8n-nodes-base.respondToWebhook",
      "typeVersion": 1.1,
      "position": [
        -140,
        -180
      ],
      "id": "563edf85-eea6-42b7-a8eb-2ded3ab8a028",
      "name": "Respond to Webhook"
    },
    {
      "parameters": {
        "jsCode": "function sanitizeJsonString(str) {\n    if (typeof str !== 'string') {\n        return str;\n    }\n    return str\n        .replace(/[\\u0000-\\u001F\\u007F-\\u009F]/g, '') // Elimina caracteres de control\n        .replace(/\\\\/g, '\\\\\\\\')  // Escapa las barras invertidas\n        .replace(/\"/g, '\\\\\"')    // Escapa las comillas dobles\n        .replace(/\\n+/g, '\\\\n')  // Convierte saltos de línea en \\n escapados\n        .replace(/\\\\n\\s+/g, '\\\\n')  // Elimina espacios extra después de cada \\n\n        .replace(/\\s+\\\\n/g, '\\\\n')  // Elimina espacios extra antes de cada \\n\n        .replace(/\\\\n\\\\n/g, '\\\\n')  // Reduce múltiples \\n consecutivos a uno solo\n        .trim();\n}\n\nfunction ensureValidJson(input) {\n    try {\n        // Si el input ya es un objeto, lo convertimos a string\n        const inputStr = typeof input === 'object' ? JSON.stringify(input) : input;\n        \n        // Intentamos parsear para verificar si es JSON válido\n        const parsed = JSON.parse(inputStr);\n        \n        // Procesamos recursivamente cada valor del objeto\n        if (typeof parsed === 'object' && parsed !== null) {\n            Object.keys(parsed).forEach(key => {\n                if (typeof parsed[key] === 'string') {\n                    parsed[key] = sanitizeJsonString(parsed[key]);\n                }\n            });\n        }\n        \n        return [{\n            json: parsed\n        }];\n    } catch (error) {\n        // Si hay un error, devolvemos un objeto JSON válido con el error\n        return [{\n            json: {\n                error: \"Invalid JSON input\",\n                originalInput: input\n            }\n        }];\n    }\n}\n\n// Uso en n8n:\nreturn ensureValidJson($json);"
      },
      "id": "c9dddce4-1fb4-46b7-b157-37b110843772",
      "name": "Code1",
      "type": "n8n-nodes-base.code",
      "typeVersion": 2,
      "position": [
        120,
        -160
      ]
    },
    {
      "parameters": {
        "method": "POST",
        "url": "=https://sandobot-evolution.gizpoo.easypanel.host/message/sendText/ENDOBOT",
        "sendHeaders": true,
        "headerParameters": {
          "parameters": [
            {
              "name": "apikey",
              "value": "BA00B0278C01-4045-BCB0-2392F5CAC521"
            }
          ]
        },
        "sendBody": true,
        "specifyBody": "json",
        "jsonBody": "={\n    \"number\": \"{{ $('Webhook').item.json.body.data.key.remoteJid }}\",\n    \"text\": \"*Ejemplo*\"\n}",
        "options": {}
      },
      "id": "bdb56825-4f2d-4246-aac1-2000342436a0",
      "name": "Enviar texto1",
      "type": "n8n-nodes-base.httpRequest",
      "typeVersion": 4.2,
      "position": [
        300,
        -160
      ]
    }
  ],
  "connections": {
    "Code1": {
      "main": [
        [
          {
            "node": "Enviar texto1",
            "type": "main",
            "index": 0
          }
        ]
      ]
    },
    "Respond to Webhook": {
      "main": [
        [
          {
            "node": "Code1",
            "type": "main",
            "index": 0
          }
        ]
      ]
    }
  },
  "settings": {
    "executionOrder": "v1"
  },
  "staticData": null,
  "meta": null,
  "pinData": {},
  "versionId": "2066bbf3-e951-432d-8966-3a54fb1c0d7c",
  "triggerCount": 0,
  "tags": []
}