{
  "createdAt": "2025-07-29T21:13:07.827Z",
  "updatedAt": "2025-08-12T22:03:16.000Z",
  "id": "NSyjTGlEf6yDim5b",
  "name": "PruebaTiempo",
  "active": false,
  "isArchived": true,
  "nodes": [
    {
      "parameters": {
        "rule": {
          "interval": [
            {
              "field": "minutes"
            }
          ]
        }
      },
      "type": "n8n-nodes-base.scheduleTrigger",
      "typeVersion": 1.2,
      "position": [
        -448,
        -16
      ],
      "id": "6f1b6d41-fa98-4d81-83a1-89c809f3fb34",
      "name": "Schedule Trigger"
    },
    {
      "parameters": {
        "authentication": "nocoDbApiToken",
        "operation": "getAll",
        "projectId": "pzyi53qpulebkrg",
        "table": "ms3gljh6al954ge",
        "options": {}
      },
      "type": "n8n-nodes-base.nocoDb",
      "typeVersion": 3,
      "position": [
        0,
        -16
      ],
      "id": "f4098cc2-ba73-4a89-9f39-92347df6f5f5",
      "name": "Get many rows",
      "credentials": {
        "nocoDbApiToken": {
          "id": "9xXXz8ovGssloRcN",
          "name": "NocoDB Token account"
        }
      }
    },
    {
      "parameters": {
        "resource": "messages-api",
        "instanceName": "=VENDOR",
        "remoteJid": "={{ $json.Telefono }}",
        "messageText": "=¡Hola {{ $json.Nombre }}! 👋\n**********************************\nEsperamos que estés muy bien. 🌟\n\nTe recordamos que tu pago de expensas/alquiler correspondiente a [mes] está próximo a vencer (fecha límite: [dd/mm/aaaa]). 🗓️\n\n📌 Detalles del pago:\n➡️ Monto: [$$$]\n➡️ Métodos de pago: [Transferencia, depósito, efectivo, etc.]\n➡️ Datos bancarios o lugar de pago: [Incluir info si aplica].",
        "options_message": {}
      },
      "type": "n8n-nodes-evolution-api.evolutionApi",
      "typeVersion": 1,
      "position": [
        864,
        112
      ],
      "id": "13e8621e-95bd-4fe4-a07c-efd08c5f8d57",
      "name": "Enviar texto",
      "credentials": {
        "evolutionApi": {
          "id": "TCFqR0a0Xde3zXGJ",
          "name": "PARTICULAR"
        }
      }
    },
    {
      "parameters": {
        "options": {}
      },
      "type": "n8n-nodes-base.set",
      "typeVersion": 3.4,
      "position": [
        -240,
        -16
      ],
      "id": "7f368109-3f32-4b0e-a6df-efcb2d65a82f",
      "name": "Edit Fields"
    },
    {
      "parameters": {
        "options": {}
      },
      "type": "n8n-nodes-base.splitInBatches",
      "typeVersion": 3,
      "position": [
        432,
        -16
      ],
      "id": "a9620be0-0feb-4f6b-a531-63404dfb2dc8",
      "name": "Loop Over Items"
    },
    {
      "parameters": {},
      "type": "n8n-nodes-base.wait",
      "typeVersion": 1.1,
      "position": [
        640,
        112
      ],
      "id": "d78ebb21-f207-45f9-b831-3a7cfc25cc81",
      "name": "Wait",
      "webhookId": "cf1355e0-c404-4db6-8238-67ec40896e83"
    },
    {
      "parameters": {},
      "type": "n8n-nodes-base.noOp",
      "typeVersion": 1,
      "position": [
        640,
        -112
      ],
      "id": "e7f4c5a8-559c-4891-b548-9f90e359987b",
      "name": "No Operation, do nothing"
    }
  ],
  "connections": {
    "Schedule Trigger": {
      "main": [
        [
          {
            "node": "Edit Fields",
            "type": "main",
            "index": 0
          }
        ]
      ]
    },
    "Get many rows": {
      "main": [
        [
          {
            "node": "Loop Over Items",
            "type": "main",
            "index": 0
          }
        ]
      ]
    },
    "Edit Fields": {
      "main": [
        [
          {
            "node": "Get many rows",
            "type": "main",
            "index": 0
          }
        ]
      ]
    },
    "Enviar texto": {
      "main": [
        [
          {
            "node": "Get many rows",
            "type": "main",
            "index": 0
          }
        ]
      ]
    },
    "Loop Over Items": {
      "main": [
        [
          {
            "node": "No Operation, do nothing",
            "type": "main",
            "index": 0
          }
        ],
        [
          {
            "node": "Wait",
            "type": "main",
            "index": 0
          }
        ]
      ]
    },
    "Wait": {
      "main": [
        [
          {
            "node": "Enviar texto",
            "type": "main",
            "index": 0
          }
        ]
      ]
    }
  },
  "settings": {
    "executionOrder": "v1",
    "timezone": "America/Santiago",
    "callerPolicy": "workflowsFromSameOwner"
  },
  "staticData": {
    "node:Schedule Trigger": {
      "recurrenceRules": []
    }
  },
  "meta": {
    "templateCredsSetupCompleted": true
  },
  "pinData": {},
  "versionId": "a96aba6d-4594-4445-8919-76c6a73293a1",
  "triggerCount": 1,
  "tags": []
}