{
  "createdAt": "2025-08-16T02:17:39.189Z",
  "updatedAt": "2025-08-16T02:17:53.000Z",
  "id": "tJFVxvlBnZou5KXy",
  "name": "EXPORTAR",
  "active": false,
  "isArchived": false,
  "nodes": [
    {
      "parameters": {},
      "type": "n8n-nodes-base.manualTrigger",
      "typeVersion": 1,
      "position": [
        -848,
        -64
      ],
      "id": "5ebee665-a933-495e-a97d-0d4eb487b1a2",
      "name": "Iniciar"
    },
    {
      "parameters": {
        "command": "rm -rf /home/node/n8n_exports"
      },
      "type": "n8n-nodes-base.executeCommand",
      "typeVersion": 1,
      "position": [
        -656,
        -64
      ],
      "id": "dde359a0-df5b-4f76-9678-ffc75ed1478d",
      "name": "Limpiar carpeta exportación"
    },
    {
      "parameters": {
        "command": "n8n export:workflow --backup --output=/home/node/n8n_exports/workflows"
      },
      "id": "52f1bcfa-b6b4-469c-b5a3-1e1ef035ab16",
      "name": "Exportar workflows",
      "type": "n8n-nodes-base.executeCommand",
      "position": [
        -432,
        -160
      ],
      "typeVersion": 1
    },
    {
      "parameters": {
        "command": "n8n export:credentials --decrypted --backup --output=/home/node/n8n_exports/credenciales"
      },
      "id": "9f2c41b1-e8a8-4d3a-91d5-7127821b80c9",
      "name": "Exportar credenciales",
      "type": "n8n-nodes-base.executeCommand",
      "position": [
        -432,
        48
      ],
      "typeVersion": 1
    },
    {
      "parameters": {
        "fileSelector": "/home/node/n8n_exports/workflows/*.json"
      },
      "id": "16abfba4-f424-4401-8daf-c1a09599364a",
      "name": "Extraer workflows",
      "type": "n8n-nodes-base.readBinaryFiles",
      "position": [
        -240,
        -160
      ],
      "typeVersion": 1
    },
    {
      "parameters": {
        "operation": "compress",
        "binaryPropertyName": "={{ Object.keys($binary).join(',') }}",
        "fileName": "workflows.zip",
        "binaryPropertyOutput": "workflows"
      },
      "type": "n8n-nodes-base.compression",
      "typeVersion": 1.1,
      "position": [
        176,
        -160
      ],
      "id": "e5666fdb-4737-47e1-82de-93f10fdecdd1",
      "name": "Comprimir workflows"
    },
    {
      "parameters": {
        "jsCode": "// Crear un nuevo objeto para almacenar los datos combinados\nconst newItem = {\n  json: {},\n  binary: {}\n};\n\n// Iterar sobre los elementos existentes\nitems.forEach((item, index) => {\n  // Asignar cada archivo binario a una propiedad única\n  newItem.binary[`data_${index}`] = item.binary.data;\n});\n\n// Devolver el nuevo elemento con los archivos binarios combinados\nreturn [newItem];\n"
      },
      "type": "n8n-nodes-base.code",
      "typeVersion": 2,
      "position": [
        -32,
        -160
      ],
      "id": "7ef79955-4bd8-446c-a5a0-3ccd8f603e9c",
      "name": "Unir los workflows"
    },
    {
      "parameters": {
        "fileSelector": "/home/node/n8n_exports/credenciales/*.json"
      },
      "id": "0bea239a-09b4-46c9-8329-c1248cfaa3ea",
      "name": "Extraer credenciales",
      "type": "n8n-nodes-base.readBinaryFiles",
      "position": [
        -240,
        48
      ],
      "typeVersion": 1
    },
    {
      "parameters": {
        "jsCode": "// Crear un nuevo objeto para almacenar los datos combinados\nconst newItem = {\n  json: {},\n  binary: {}\n};\n\n// Iterar sobre los elementos existentes\nitems.forEach((item, index) => {\n  // Asignar cada archivo binario a una propiedad única\n  newItem.binary[`data_${index}`] = item.binary.data;\n});\n\n// Devolver el nuevo elemento con los archivos binarios combinados\nreturn [newItem];\n"
      },
      "type": "n8n-nodes-base.code",
      "typeVersion": 2,
      "position": [
        -32,
        48
      ],
      "id": "256ce615-ec95-4020-a10a-2831ca83dbbf",
      "name": "Unir las credenciales"
    },
    {
      "parameters": {
        "operation": "compress",
        "binaryPropertyName": "={{ Object.keys($binary).join(',') }}",
        "fileName": "credenciales.zip",
        "binaryPropertyOutput": "credenciales"
      },
      "type": "n8n-nodes-base.compression",
      "typeVersion": 1.1,
      "position": [
        176,
        48
      ],
      "id": "02eff168-5c6b-4813-b2d7-808aab1176d5",
      "name": "Comprimir credenciales"
    }
  ],
  "connections": {
    "Iniciar": {
      "main": [
        [
          {
            "node": "Limpiar carpeta exportación",
            "type": "main",
            "index": 0
          }
        ]
      ]
    },
    "Limpiar carpeta exportación": {
      "main": [
        [
          {
            "node": "Exportar workflows",
            "type": "main",
            "index": 0
          },
          {
            "node": "Exportar credenciales",
            "type": "main",
            "index": 0
          }
        ]
      ]
    },
    "Exportar workflows": {
      "main": [
        [
          {
            "node": "Extraer workflows",
            "type": "main",
            "index": 0
          }
        ]
      ]
    },
    "Exportar credenciales": {
      "main": [
        [
          {
            "node": "Extraer credenciales",
            "type": "main",
            "index": 0
          }
        ]
      ]
    },
    "Extraer workflows": {
      "main": [
        [
          {
            "node": "Unir los workflows",
            "type": "main",
            "index": 0
          }
        ]
      ]
    },
    "Unir los workflows": {
      "main": [
        [
          {
            "node": "Comprimir workflows",
            "type": "main",
            "index": 0
          }
        ]
      ]
    },
    "Extraer credenciales": {
      "main": [
        [
          {
            "node": "Unir las credenciales",
            "type": "main",
            "index": 0
          }
        ]
      ]
    },
    "Unir las credenciales": {
      "main": [
        [
          {
            "node": "Comprimir credenciales",
            "type": "main",
            "index": 0
          }
        ]
      ]
    }
  },
  "settings": {
    "executionOrder": "v1"
  },
  "staticData": null,
  "meta": null,
  "pinData": {},
  "versionId": "44bbcbd2-3e6f-46b2-9a27-cec63cbdc685",
  "triggerCount": 0,
  "tags": []
}