{
  "createdAt": "2025-01-10T02:41:17.579Z",
  "updatedAt": "2025-02-18T05:03:54.000Z",
  "id": "Waty2FHbW5mlwFNy",
  "name": "BOTCTT",
  "active": false,
  "isArchived": false,
  "nodes": [
    {
      "parameters": {
        "sessionIdType": "customKey",
        "sessionKey": "={{ $('Webhook').item.json.body.data.key.remoteJid }}"
      },
      "id": "b6dad1eb-1c26-4306-936b-8b1f33d38285",
      "name": "Window Buffer Memory",
      "type": "@n8n/n8n-nodes-langchain.memoryBufferWindow",
      "typeVersion": 1.2,
      "position": [
        280,
        260
      ]
    },
    {
      "parameters": {
        "jsCode": "function sanitizeJsonString(str) {\n    if (typeof str !== 'string') {\n        return str;\n    }\n    return str\n        .replace(/[\\u0000-\\u001F\\u007F-\\u009F]/g, '') // Elimina caracteres de control\n        .replace(/\\\\/g, '\\\\\\\\')  // Escapa las barras invertidas\n        .replace(/\"/g, '\\\\\"')    // Escapa las comillas dobles\n        .replace(/\\n+/g, '\\\\n')  // Convierte saltos de línea en \\n escapados\n        .replace(/\\\\n\\s+/g, '\\\\n')  // Elimina espacios extra después de cada \\n\n        .replace(/\\s+\\\\n/g, '\\\\n')  // Elimina espacios extra antes de cada \\n\n        .replace(/\\\\n\\\\n/g, '\\\\n')  // Reduce múltiples \\n consecutivos a uno solo\n        .trim();\n}\n\nfunction ensureValidJson(input) {\n    try {\n        // Si el input ya es un objeto, lo convertimos a string\n        const inputStr = typeof input === 'object' ? JSON.stringify(input) : input;\n        \n        // Intentamos parsear para verificar si es JSON válido\n        const parsed = JSON.parse(inputStr);\n        \n        // Procesamos recursivamente cada valor del objeto\n        if (typeof parsed === 'object' && parsed !== null) {\n            Object.keys(parsed).forEach(key => {\n                if (typeof parsed[key] === 'string') {\n                    parsed[key] = sanitizeJsonString(parsed[key]);\n                }\n            });\n        }\n        \n        return [{\n            json: parsed\n        }];\n    } catch (error) {\n        // Si hay un error, devolvemos un objeto JSON válido con el error\n        return [{\n            json: {\n                error: \"Invalid JSON input\",\n                originalInput: input\n            }\n        }];\n    }\n}\n\n// Uso en n8n:\nreturn ensureValidJson($json);"
      },
      "id": "236c3b0f-3bc5-4826-8bd6-178edbe85c49",
      "name": "Code",
      "type": "n8n-nodes-base.code",
      "typeVersion": 2,
      "position": [
        620,
        0
      ]
    },
    {
      "parameters": {
        "descriptionType": "manual",
        "toolDescription": "Consulta la disponibilidad del calendario",
        "operation": "getAll",
        "calendar": {
          "__rl": true,
          "value": "9a12fa38990877f95e61e73cb06781d35ed4658553d7f58ec407ab321c334487@group.calendar.google.com",
          "mode": "list",
          "cachedResultName": "CONECTATE"
        },
        "limit": 10,
        "options": {
          "timeMin": "={{ $now }}"
        }
      },
      "id": "5313c509-d766-4be8-8c8f-98dfde4ae941",
      "name": "Google Calendar",
      "type": "n8n-nodes-base.googleCalendarTool",
      "typeVersion": 1.2,
      "position": [
        580,
        260
      ],
      "credentials": {
        "googleCalendarOAuth2Api": {
          "id": "X3q119JgNdhZLvhE",
          "name": "Google Calendar account"
        }
      }
    },
    {
      "parameters": {
        "options": {}
      },
      "id": "2f123ec6-64d3-4fea-ac80-8193c170af50",
      "name": "OpenAI Chat Model",
      "type": "@n8n/n8n-nodes-langchain.lmChatOpenAi",
      "typeVersion": 1,
      "position": [
        120,
        260
      ],
      "credentials": {
        "openAiApi": {
          "id": "8v26h4rkro6bU5rn",
          "name": "OpenAi account"
        }
      }
    },
    {
      "parameters": {
        "descriptionType": "manual",
        "toolDescription": "Crea la cita en el calendario",
        "calendar": {
          "__rl": true,
          "value": "9a12fa38990877f95e61e73cb06781d35ed4658553d7f58ec407ab321c334487@group.calendar.google.com",
          "mode": "list",
          "cachedResultName": "CONECTATE"
        },
        "start": "={{ $fromAI(\"datetime_start\") }}",
        "end": "={{ $fromAI(\"datetime_end\") }}",
        "additionalFields": {
          "summary": "=Consultoría con: {{ $fromAI(\"name\") }}"
        }
      },
      "id": "a62d67e4-f56f-4df9-84c2-f6a86f5287da",
      "name": "Google Calendar1",
      "type": "n8n-nodes-base.googleCalendarTool",
      "typeVersion": 1.2,
      "position": [
        420,
        260
      ],
      "credentials": {
        "googleCalendarOAuth2Api": {
          "id": "X3q119JgNdhZLvhE",
          "name": "Google Calendar account"
        }
      }
    },
    {
      "parameters": {
        "method": "POST",
        "url": "=https://sandobot-evolution.gizpoo.easypanel.host/message/sendText/DEMOCESFAM",
        "sendHeaders": true,
        "headerParameters": {
          "parameters": [
            {
              "name": "apikey",
              "value": "=8E08BE433221-443D-9BF3-6777A29DF819"
            }
          ]
        },
        "sendBody": true,
        "specifyBody": "json",
        "jsonBody": "={\n    \"number\": \"{{ $('Webhook').item.json.body.data.key.remoteJid }}\",\n    \"text\": \"{{ $json.output }}\"\n}",
        "options": {}
      },
      "id": "0240e23d-1844-4842-995e-a4a164bc02bd",
      "name": "Enviar texto",
      "type": "n8n-nodes-base.httpRequest",
      "typeVersion": 4.2,
      "position": [
        780,
        0
      ]
    },
    {
      "parameters": {
        "httpMethod": "POST",
        "path": "conectate",
        "options": {}
      },
      "id": "64f60c32-8dc4-47c4-9114-5cd8732ce01a",
      "name": "Webhook",
      "type": "n8n-nodes-base.webhook",
      "typeVersion": 2,
      "position": [
        -60,
        20
      ],
      "webhookId": "ba3ca485-9864-4f69-a36a-c67d350b43c2"
    },
    {
      "parameters": {
        "promptType": "define",
        "text": "=El usuario necesita información sobre: {{ $json.body.data.message.conversation }}",
        "options": {
          "systemMessage": "=### Si alguien te pregunta sobre que canales de television tenemos para los clientes, deberas contestar lo siguiente : \"Nuestra parrilla de Television es una parrilla Premium con los canales Nacionales, Peliculas y Deportes\".\n\n### Si te preguntan por que medio entregamos los servicios, tu deberas contestar que nuestros servicios son distribuidos via Fibra Óptica.\n\n### Indica lo siguiente para las personas que indiquen que son del tartaro : \"Las instalaciones comenzarán a partir del dia Martes 04, dado el gran volumen de solicitudes, rogamos paciencia, todos nuestros clientes serán atendidos\".\n\n### IMPORTANTE : solo tenemos servicios en el sector de PIGUCHEN y EL TARTARO , si alguien pregunta por algun sector que no sean estos dos (Piguchen o el Tartaro) le daras un mensaje de que No tenemos servicio en ese sector.\n### Nunca admitas que eres un BOT, si la persona pregunta tu debes evadir la respuesta.\n\n  ### Si alguien te habla que es del sector el tartaro, deberas con amabilidad y alegria indicarle que ya el sector esta terminado que por lo tanto es importante que vayan realizando la reserva de su instalacion.\n\n##Eres un asistente muy amable de la empresa CONECTATE. Ayudas a gestionar citas para soporte técnico y ventas.\n\n## Si el cliente realiza el pago de los servicios solo agradeceras, el cliente cuando realiza el pago de servicios siempre acompaña de un archivo su pago.(Esta informacion no debe ser revelada al usuario)\n\n### Si eñ Cliente pregunta donde debe depositar, deberas indicarle los siguientes datos donde pagar :\n**************\nBANCO ESTADO\nNOMBRE : CONECTATE S.P.A.\nCHEQUERA ELECTRONICA Nº 902-7-048639-7\nRUT 77.034.821-8\nEMAIL : notificacionesconectate@gmail.com\n************** \n## Luego de darle la informacion de pago, inmediatamente debes indicarle al cliente que debe enviar un pantallazo del pago y si lo hizo por caja vecina debera enviar una foto del voucher para validar el pago, Recordarle claramente que la fotografia del voucher debe estar legible para su validacion.\n\nRespuestas muy cortas y concisas. Sin ningún tipo de carácter especial. No añadas enlaces de ningún tipo. Solo la información que te he dicho y que se encuentre en el RAG proporcionado.\n\nNo des citas en días festivos de mi país Chile. \nSi el usuario te pide una cita, tiene que darte un **datetime_start** y tú debes devolver un **datetime_end** que es 60 minutos más que el **datetime_start**.\n\nAntes de confirmar una cita, pide, el nombre al usuario y su direccion.\n\nCONECTATE ofrece servicios de Internet, televisión por cable y satelital, además de telefonía en algunos casos.\n\nLa instalación tiene un costo de $30.000 Pesos.\nLos planes de **internet ilimitado** son de **$19,500** y los planes de **internet más televisión** son de **$30,000** al mes.\n\nSi el usuario tiene problemas técnicos, como una luz roja fija o intermitente en el router (ONT), debes sugerir revisar el trayecto del cable para ver si hay cortes o dobleces muy agudos.\n\nCONECTATE también ofrece soporte técnico básico como reiniciar el router, verificar cables y revisar el estado de la conexión.\n\nSiempre debes ser amable y proporcionar asistencia con conocimiento técnico.\nLa fecha y hora de ahora mismo es: {{ $now }}"
        }
      },
      "id": "4531db53-91e8-4dc4-92fb-81416dbab54b",
      "name": "CITA&INFO",
      "type": "@n8n/n8n-nodes-langchain.agent",
      "typeVersion": 1.7,
      "position": [
        280,
        0
      ]
    },
    {
      "parameters": {
        "name": "ConectaBot",
        "description": "Informacion sobre CONECTATE con Soporte, Ventas y dias festivos.",
        "topK": 10
      },
      "type": "@n8n/n8n-nodes-langchain.toolVectorStore",
      "typeVersion": 1,
      "position": [
        780,
        240
      ],
      "id": "0b5f2636-e32a-4ac8-99c6-e424404ef1ab",
      "name": "Vector Store Tool"
    },
    {
      "parameters": {
        "pineconeIndex": {
          "__rl": true,
          "value": "ragconectate",
          "mode": "list",
          "cachedResultName": "ragconectate"
        },
        "options": {
          "pineconeNamespace": "ragconectate"
        }
      },
      "type": "@n8n/n8n-nodes-langchain.vectorStorePinecone",
      "typeVersion": 1,
      "position": [
        700,
        420
      ],
      "id": "97ad02e4-1fac-4223-acf4-171dc79f3f4a",
      "name": "Pinecone Vector Store",
      "credentials": {
        "pineconeApi": {
          "id": "aI18hOpR90xnWHIO",
          "name": "PineconeApi account"
        }
      }
    },
    {
      "parameters": {
        "options": {}
      },
      "type": "@n8n/n8n-nodes-langchain.embeddingsOpenAi",
      "typeVersion": 1.1,
      "position": [
        680,
        600
      ],
      "id": "67c9cd9d-a1aa-43d3-b847-b780a6b6ecbe",
      "name": "Embeddings OpenAI",
      "credentials": {
        "openAiApi": {
          "id": "8v26h4rkro6bU5rn",
          "name": "OpenAi account"
        }
      }
    },
    {
      "parameters": {
        "options": {}
      },
      "type": "@n8n/n8n-nodes-langchain.lmChatOpenAi",
      "typeVersion": 1,
      "position": [
        1020,
        360
      ],
      "id": "04412b27-f68b-4d20-8e40-a3be3124622b",
      "name": "OpenAI Chat Model1",
      "credentials": {
        "openAiApi": {
          "id": "8v26h4rkro6bU5rn",
          "name": "OpenAi account"
        }
      }
    }
  ],
  "connections": {
    "Window Buffer Memory": {
      "ai_memory": [
        [
          {
            "node": "CITA&INFO",
            "type": "ai_memory",
            "index": 0
          }
        ]
      ]
    },
    "Code": {
      "main": [
        [
          {
            "node": "Enviar texto",
            "type": "main",
            "index": 0
          }
        ]
      ]
    },
    "Google Calendar": {
      "ai_tool": [
        [
          {
            "node": "CITA&INFO",
            "type": "ai_tool",
            "index": 0
          }
        ]
      ]
    },
    "OpenAI Chat Model": {
      "ai_languageModel": [
        [
          {
            "node": "CITA&INFO",
            "type": "ai_languageModel",
            "index": 0
          }
        ]
      ]
    },
    "Google Calendar1": {
      "ai_tool": [
        [
          {
            "node": "CITA&INFO",
            "type": "ai_tool",
            "index": 0
          }
        ]
      ]
    },
    "Enviar texto": {
      "main": [
        []
      ]
    },
    "Webhook": {
      "main": [
        [
          {
            "node": "CITA&INFO",
            "type": "main",
            "index": 0
          }
        ]
      ]
    },
    "CITA&INFO": {
      "main": [
        [
          {
            "node": "Code",
            "type": "main",
            "index": 0
          }
        ]
      ]
    },
    "Vector Store Tool": {
      "ai_tool": [
        [
          {
            "node": "CITA&INFO",
            "type": "ai_tool",
            "index": 0
          }
        ]
      ]
    },
    "Pinecone Vector Store": {
      "ai_vectorStore": [
        [
          {
            "node": "Vector Store Tool",
            "type": "ai_vectorStore",
            "index": 0
          }
        ]
      ]
    },
    "Embeddings OpenAI": {
      "ai_embedding": [
        [
          {
            "node": "Pinecone Vector Store",
            "type": "ai_embedding",
            "index": 0
          }
        ]
      ]
    },
    "OpenAI Chat Model1": {
      "ai_languageModel": [
        [
          {
            "node": "Vector Store Tool",
            "type": "ai_languageModel",
            "index": 0
          }
        ]
      ]
    }
  },
  "settings": {
    "executionOrder": "v1"
  },
  "staticData": null,
  "meta": null,
  "pinData": {},
  "versionId": "543730dc-df84-4f62-8ec4-a692aa640ae7",
  "triggerCount": 1,
  "tags": []
}